-- MySQL dump 10.16  Distrib 10.1.37-MariaDB, for debian-linux-gnu (x86_64)
--
-- Host: localhost    Database: SSMHotel
-- ------------------------------------------------------
-- Server version	10.1.37-MariaDB-0+deb9u1

/*!40101 SET @OLD_CHARACTER_SET_CLIENT=@@CHARACTER_SET_CLIENT */;
/*!40101 SET @OLD_CHARACTER_SET_RESULTS=@@CHARACTER_SET_RESULTS */;
/*!40101 SET @OLD_COLLATION_CONNECTION=@@COLLATION_CONNECTION */;
/*!40101 SET NAMES utf8mb4 */;
/*!40103 SET @OLD_TIME_ZONE=@@TIME_ZONE */;
/*!40103 SET TIME_ZONE='+00:00' */;
/*!40014 SET @OLD_UNIQUE_CHECKS=@@UNIQUE_CHECKS, UNIQUE_CHECKS=0 */;
/*!40014 SET @OLD_FOREIGN_KEY_CHECKS=@@FOREIGN_KEY_CHECKS, FOREIGN_KEY_CHECKS=0 */;
/*!40101 SET @OLD_SQL_MODE=@@SQL_MODE, SQL_MODE='NO_AUTO_VALUE_ON_ZERO' */;
/*!40111 SET @OLD_SQL_NOTES=@@SQL_NOTES, SQL_NOTES=0 */;

--
-- Table structure for table `account`
--

DROP TABLE IF EXISTS `account`;
/*!40101 SET @saved_cs_client     = @@character_set_client */;
/*!40101 SET character_set_client = utf8 */;
CREATE TABLE `account` (
  `id` int(11) NOT NULL AUTO_INCREMENT,
  `photo` varchar(256) DEFAULT NULL,
  `name` varchar(11) DEFAULT NULL,
  `password` varchar(11) DEFAULT NULL,
  `realname` varchar(5) DEFAULT NULL,
  `idCard` varchar(18) DEFAULT NULL,
  `mobile` varchar(11) DEFAULT NULL,
  `address` varchar(128) DEFAULT NULL,
  `status` int(11) DEFAULT '0',
  PRIMARY KEY (`id`)
) ENGINE=InnoDB AUTO_INCREMENT=18 DEFAULT CHARSET=utf8;
/*!40101 SET character_set_client = @saved_cs_client */;

--
-- Dumping data for table `account`
--

LOCK TABLES `account` WRITE;
/*!40000 ALTER TABLE `account` DISABLE KEYS */;
INSERT INTO `account` VALUES (1,'/easyui/images/user.jpg','生狗','123','钟生狗','4546453444','44545','赣州 赣县',0),(3,'/upload/1564964181726.png','Admin','123','钟炜宏','362458965123659885','13658974562','吉安 万安',0),(4,'/upload/1564964188773.png','钟炜宏','123','钟炜宏','362428199501031120','13965489623','吉安 万安',0),(5,'/upload/1564964188773.png','user','123','生坑','13578745656','45455687787','赣州 赣县',0),(6,'/upload/1565399944433.png','欧几把阳','123456','欧几把阳','362428966541569987','13956987456','吉安 永新',0),(7,'/upload/1565399951262.png','何志逼','123456','何志逼','112213211546','13965489656','抚州 崇仁',0),(8,'/easyui/images/user.jpg','刘建安','123','刘建安','989894541122','13698569874','赣州 信丰',0),(9,'/easyui/images/user.jpg','周建中','123','周建中','989894541122','13698569874','赣州 于都',0),(10,'/upload/1567579037235.png','胖子','123','胖子','3625987456222','13986545697','九江',-1),(11,'/upload/1567579064749.png','辉哥','123','阿辉','362429865123654263','15279615192','江西省',0),(12,'/upload/1567818851893.png','阿狗','123','Ale55','362456569845623156','15279615192','江西省',0),(13,'/upload/1567822361601.png','Adm','123','Alen','362429865123654263','15279615192','江西省',0),(14,'/upload/1567826236597.png','棍哥','123','Alen','362429865123654263','15279615192','江西省',0),(15,'/upload/1569396597779.png','地都','123','地都','362428199602035526','15279615192','江西省',0),(17,'/upload/1569397284959.png','地','123','地搜','362428199804057712','15279615192','江西省',0);
/*!40000 ALTER TABLE `account` ENABLE KEYS */;
UNLOCK TABLES;

--
-- Table structure for table `authority`
--

DROP TABLE IF EXISTS `authority`;
/*!40101 SET @saved_cs_client     = @@character_set_client */;
/*!40101 SET character_set_client = utf8 */;
CREATE TABLE `authority` (
  `id` int(11) NOT NULL AUTO_INCREMENT,
  `roleId` int(11) DEFAULT NULL,
  `menuId` int(11) DEFAULT NULL,
  PRIMARY KEY (`id`),
  KEY `roleId` (`roleId`),
  KEY `menuId` (`menuId`),
  CONSTRAINT `authority_ibfk_1` FOREIGN KEY (`roleId`) REFERENCES `role` (`id`),
  CONSTRAINT `authority_ibfk_2` FOREIGN KEY (`menuId`) REFERENCES `menu` (`id`)
) ENGINE=InnoDB AUTO_INCREMENT=704 DEFAULT CHARSET=utf8;
/*!40101 SET character_set_client = @saved_cs_client */;

--
-- Dumping data for table `authority`
--

LOCK TABLES `authority` WRITE;
/*!40000 ALTER TABLE `authority` DISABLE KEYS */;
INSERT INTO `authority` VALUES (236,8,34),(237,8,40),(238,8,20),(239,8,23),(240,8,24),(241,8,25),(650,7,20),(651,7,22),(652,7,26),(653,7,27),(654,7,28),(655,7,30),(656,7,23),(657,7,32),(658,7,33),(659,7,34),(660,7,47),(661,7,48),(662,7,24),(663,7,25),(664,7,35),(665,7,40),(666,7,41),(667,7,42),(668,7,43),(669,7,44),(670,7,46),(671,7,49),(672,7,50),(673,7,51),(674,7,52),(675,7,53),(676,7,54),(677,7,55),(678,7,59),(679,7,60),(680,7,61),(681,7,62),(682,7,63),(683,7,64),(684,7,65),(685,7,66),(686,7,67),(687,7,68),(688,7,69),(689,7,70),(690,7,71),(691,7,72),(692,7,73),(693,7,74),(694,7,75),(695,7,76),(696,7,77),(697,7,78),(698,7,79),(699,7,80),(700,7,81),(701,7,82),(702,7,83),(703,7,84);
/*!40000 ALTER TABLE `authority` ENABLE KEYS */;
UNLOCK TABLES;

--
-- Table structure for table `book_order`
--

DROP TABLE IF EXISTS `book_order`;
/*!40101 SET @saved_cs_client     = @@character_set_client */;
/*!40101 SET character_set_client = utf8 */;
CREATE TABLE `book_order` (
  `id` int(11) NOT NULL AUTO_INCREMENT,
  `accountId` int(11) DEFAULT NULL,
  `roomTypeId` int(11) DEFAULT NULL,
  `name` varchar(255) DEFAULT NULL,
  `realName` varchar(255) DEFAULT NULL,
  `idCard` varchar(18) DEFAULT NULL,
  `mobile` varchar(11) DEFAULT NULL,
  `status` int(11) DEFAULT '0',
  `arriveTime` varchar(255) DEFAULT NULL,
  `leaveTime` varchar(255) DEFAULT NULL,
  `createTime` datetime DEFAULT NULL,
  `remark` varchar(255) DEFAULT NULL,
  `price` float(5,0) DEFAULT NULL,
  `cuStatus` int(1) DEFAULT '0',
  PRIMARY KEY (`id`),
  KEY `accountId` (`accountId`),
  KEY `roomTypeId` (`roomTypeId`),
  CONSTRAINT `book_order_ibfk_1` FOREIGN KEY (`accountId`) REFERENCES `account` (`id`),
  CONSTRAINT `book_order_ibfk_2` FOREIGN KEY (`roomTypeId`) REFERENCES `roomtype` (`id`)
) ENGINE=InnoDB AUTO_INCREMENT=53 DEFAULT CHARSET=utf8;
/*!40101 SET character_set_client = @saved_cs_client */;

--
-- Dumping data for table `book_order`
--

LOCK TABLES `book_order` WRITE;
/*!40000 ALTER TABLE `book_order` DISABLE KEYS */;
INSERT INTO `book_order` VALUES (4,4,6,'钟炜宏',NULL,'5645566522','13698569877',2,'2019-08-09','2019-08-10','2019-08-07 09:56:22','预计8点到达！',NULL,0),(5,1,8,'钟生狗',NULL,'4546453444','44545',2,'2019-08-16','2019-08-17','2019-08-07 09:56:52','马上到！',NULL,0),(6,4,4,'钟炜宏',NULL,'36242849651363','13578745656',2,'2019-08-09','2019-08-10','2019-08-08 22:01:27','预计9点到！',NULL,0),(7,7,15,'何志逼',NULL,'224545565644','13965489656',2,'2019-08-11','2019-08-12','2019-08-10 09:17:26','马上到！',NULL,1),(8,6,12,'欧几把阳',NULL,'56456142354566','1396548965',2,'2019-08-13','2019-08-14','2019-08-10 09:20:06','马上到！',NULL,0),(9,4,15,'钟炜宏',NULL,'362429865565','13965489623',2,'2019-08-26','2019-08-27','2019-08-25 08:04:06','马上到！',NULL,0),(10,9,9,'周建中',NULL,'989894541122','13698569874',2,'2019-08-29','2019-08-30','2019-08-25 08:17:14','马上到！',NULL,0),(11,6,11,'欧几把阳',NULL,'15651122','1396548965',2,'2019-08-28','2019-08-29','2019-08-25 08:40:36','马上到！',NULL,0),(12,7,7,'何志逼',NULL,'112213211546','13965489656',2,'2019-08-26','2019-08-27','2019-08-25 08:58:20','马上到！',NULL,0),(13,4,5,'钟炜宏',NULL,'362429865565','13965489623',2,'2019-08-01','2019-08-02','2019-08-30 16:54:09','很好！',NULL,0),(14,3,4,'Admin',NULL,'13578745656','45455687787',2,'2019-08-01','2019-08-02','2019-08-30 16:55:18','gfds',98,0),(15,1,6,'钟生狗',NULL,'4546453444','44545',2,'2019-08-02','2019-08-03','2019-08-31 17:36:19',' ',NULL,0),(16,3,4,'Admin',NULL,'13578745656','45455687787',2,'2019-08-01','2019-08-02','2019-08-31 17:38:34','yt ',98,0),(17,4,6,'钟炜宏',NULL,'362429865565','13965489623',2,'2019-09-01','2019-09-02','2019-09-01 20:43:53','ds',NULL,0),(18,3,5,'Admin',NULL,'13578745656','45455687787',2,'2019-09-07','2019-09-08','2019-09-06 09:37:05','马上到！',98,1),(19,3,4,'Admin',NULL,'13578745656','45455687787',2,'2019-09-06','2019-09-07','2019-09-06 16:52:29','马上到',98,0),(20,12,12,'Ale55',NULL,'362456569845623156','15279615192',2,'','','2019-09-07 09:31:38','马上到！',298,0),(21,7,11,'何志逼',NULL,'362459654623659874','13965489656',2,'2019-09-13','2019-09-14','2019-09-07 10:15:59','马上到！',198,0),(22,4,9,'钟炜宏',NULL,'362428199501031120','13965489623',2,'2019-09-06','2019-09-07','2019-09-07 11:18:34','',198,0),(25,4,5,'钟炜宏',NULL,'362428199501031120','13965489623',2,'2019-09-22','2019-09-23','2019-09-22 14:33:40','\r\n;l',128,0),(32,3,6,'Admin',NULL,'362458965123659871','13658974562',2,'2019-09-23','2019-09-28','2019-09-22 19:52:56','给我一分钟时间！',740,1),(34,5,9,'生坑',NULL,'362428966515201562','15279615192',2,'2019-09-27','2019-09-28','2019-09-26 09:53:30','',158,NULL),(35,6,11,'欧几把阳',NULL,'362428966305021126','13956987452',2,'2019-09-26','2019-09-27','2019-09-26 15:54:45','',198,NULL),(36,6,6,'欧几把阳',NULL,'362426985612369874','13698745621',2,'2019-09-27','2019-09-28','2019-09-26 16:06:44','',148,NULL),(38,6,9,'欧几把阳',NULL,'362428966541569987','13956987456',2,'2019-09-27','2019-09-28','2019-09-26 16:53:15','',178,NULL),(48,3,4,'Admin',NULL,'362458965123659871','13658974562',2,'2019-09-30','2019-10-06','2019-09-28 15:20:40','',444,1),(49,3,9,'钟炜宏',NULL,'362458965123659885','13658974562',2,'2019-10-01','2019-10-02','2019-09-30 19:23:37','店长国庆节快乐！',198,0),(50,3,9,'Admin',NULL,'362458965123659885','13658974562',2,'2019-10-30','2019-10-31','2019-10-01 20:15:40','马上到！',198,0),(52,3,12,'Admin',NULL,'362458965123659885','13658974562',0,'2019-11-21','2019-11-24','2019-10-06 17:26:51','马上到',714,1);
/*!40000 ALTER TABLE `book_order` ENABLE KEYS */;
UNLOCK TABLES;

--
-- Table structure for table `checkinn`
--

DROP TABLE IF EXISTS `checkinn`;
/*!40101 SET @saved_cs_client     = @@character_set_client */;
/*!40101 SET character_set_client = utf8 */;
CREATE TABLE `checkinn` (
  `id` int(11) NOT NULL AUTO_INCREMENT,
  `roomId` int(11) DEFAULT NULL,
  `checkinPrice` float(8,2) DEFAULT NULL,
  `roomTypeId` int(11) DEFAULT NULL,
  `name` varchar(255) DEFAULT NULL,
  `realName` varchar(255) DEFAULT NULL,
  `idCard` varchar(18) DEFAULT NULL,
  `mobile` varchar(11) DEFAULT NULL,
  `status` int(1) DEFAULT '0',
  `arriveTime` varchar(255) DEFAULT NULL,
  `leaveTime` varchar(255) DEFAULT NULL,
  `createTime` datetime DEFAULT NULL,
  `bookOrderId` int(11) DEFAULT NULL,
  `remark` varchar(255) DEFAULT NULL,
  PRIMARY KEY (`id`),
  KEY `roomId` (`roomId`),
  KEY `roomTypeId` (`roomTypeId`),
  KEY `bookOrderId` (`bookOrderId`),
  CONSTRAINT `checkinn_ibfk_1` FOREIGN KEY (`roomId`) REFERENCES `room` (`id`),
  CONSTRAINT `checkinn_ibfk_2` FOREIGN KEY (`roomTypeId`) REFERENCES `roomtype` (`id`),
  CONSTRAINT `checkinn_ibfk_3` FOREIGN KEY (`bookOrderId`) REFERENCES `book_order` (`id`)
) ENGINE=InnoDB AUTO_INCREMENT=45 DEFAULT CHARSET=utf8 ROW_FORMAT=COMPACT;
/*!40101 SET character_set_client = @saved_cs_client */;

--
-- Dumping data for table `checkinn`
--

LOCK TABLES `checkinn` WRITE;
/*!40000 ALTER TABLE `checkinn` DISABLE KEYS */;
INSERT INTO `checkinn` VALUES (2,11,148.00,6,'钟炜宏',NULL,'1659875565','151232121',1,'2019-08-08','2019-08-10','2019-08-07 09:58:02',NULL,'很好!'),(3,4,149.00,6,'钟炜宏',NULL,'13578745656','45455687787',1,'2019-08-09','2019-08-10','2019-08-07 11:29:22',4,'预计8点到达！'),(4,2,178.00,8,'钟生狗',NULL,'4546453444','44545',1,'2019-08-16','2019-08-17','2019-08-09 19:49:57',5,'马上到！'),(5,2,145.00,4,'钟炜宏',NULL,'36242849651363','13578745656',1,'2019-08-09','2019-08-10','2019-08-09 19:50:30',6,'预计9点到！'),(6,8,1299.00,15,'何志逼',NULL,'224545565644','13965489656',1,'2019-08-11','2019-08-12','2019-08-10 09:21:52',7,'马上到！'),(7,5,299.00,12,'欧几把阳',NULL,'56456142354566','1396548965',1,'2019-08-13','2019-08-14','2019-08-10 09:46:17',8,'马上到！'),(8,5,299.00,12,'欧几把阳',NULL,'56456142354566','1396548965',1,'2018-08-13','2018-08-14','2018-08-10 09:46:17',8,'马上到！'),(9,5,299.00,12,'周建中',NULL,'56456142354566','1396548965',1,'2018-08-13','2018-08-14','2018-08-10 09:46:17',8,'马上到！'),(10,5,299.00,12,'刘建逼',NULL,'56456142354566','1396548965',1,'2019-07-13','2019-07-14','2019-07-10 09:46:17',8,'马上到！'),(11,8,1299.00,15,'钟炜宏',NULL,'362429865565','13965489623',1,'2019-08-26','2019-08-27','2019-08-25 08:04:41',9,'马上到！'),(12,3,299.00,9,'周建中',NULL,'989894541122','13698569874',1,'2019-08-29','2019-08-30','2019-08-25 08:17:41',10,'马上到！'),(13,13,198.00,11,'欧几把阳',NULL,'15651122','1396548965',1,'2019-08-28','2019-08-29','2019-08-25 08:41:15',11,'马上到！'),(14,12,158.00,7,'何志逼',NULL,'112213211546','13965489656',1,'2019-08-26','2019-08-27','2019-08-25 08:58:39',12,'马上到！'),(15,10,139.00,5,'钟炜宏',NULL,'362429865565','13965489623',1,'2019-08-01','2019-08-02','2019-08-30 16:54:28',13,'很好！'),(16,11,145.00,6,'钟生狗',NULL,'4546453444','44545',1,'2019-08-02','2019-08-03','2019-08-31 17:36:40',15,' '),(17,1,128.00,4,'Admin',NULL,'13578745656','45455687787',1,'2019-08-01','2019-08-02','2019-09-01 20:47:30',14,'gfds'),(18,1,99.00,4,'Admin',NULL,'13578745656','45455687787',1,'2019-08-01','2019-08-02','2019-09-01 20:48:45',16,'yt '),(19,11,129.00,6,'钟炜宏',NULL,'362429865565','13965489623',1,'2019-09-01','2019-09-02','2019-09-01 20:49:04',17,'ds'),(20,10,128.00,5,'Admin',NULL,'13578745656','45455687787',1,'2019-09-07','2019-09-08','2019-09-06 09:37:47',18,'马上到！'),(21,1,98.00,4,'Admin',NULL,'13578745656','45455687787',1,'2019-09-06','2019-09-07','2019-09-07 08:43:51',19,'马上到'),(22,3,168.00,9,'钟炜宏',NULL,'362428199501031120','13965489623',1,'2019-09-06','2019-09-07','2019-09-07 11:20:32',22,''),(23,3,168.00,9,'钟炜宏',NULL,'362428199501031120','13965489623',1,'2019-09-06','2019-09-07','2019-09-07 11:20:58',22,''),(24,3,168.00,9,'钟炜宏',NULL,'362428199501031120','13965489623',1,'2019-09-06','2019-09-07','2019-09-07 11:23:11',22,''),(25,3,198.00,9,'钟炜宏',NULL,'362428199501031120','13965489623',1,'2019-09-06','2019-09-07','2019-09-07 11:24:43',22,''),(26,3,198.00,9,'钟炜宏',NULL,'362428199501031120','13965489623',1,'2019-09-06','2019-09-07','2019-09-07 11:24:44',22,''),(27,3,198.00,9,'钟炜宏',NULL,'362428199501031120','13965489623',1,'2019-09-06','2019-09-07','2019-09-07 11:24:44',22,''),(28,3,198.00,9,'钟炜宏',NULL,'362428199501031120','13965489623',1,'2019-09-06','2019-09-07','2019-09-07 11:24:44',22,''),(29,3,198.00,9,'钟炜宏',NULL,'362428199501031120','13965489623',1,'2019-09-06','2019-09-07','2019-09-07 11:24:44',22,''),(30,3,198.00,9,'钟炜宏',NULL,'362428199501031120','13965489623',1,'2019-09-06','2019-09-07','2019-09-07 11:24:44',22,''),(31,3,198.00,9,'钟炜宏',NULL,'362428199501031120','13965489623',1,'2019-09-06','2019-09-07','2019-09-07 11:24:44',22,''),(32,3,198.00,9,'钟炜宏',NULL,'362428199501031120','13965489623',1,'2019-09-06','2019-09-07','2019-09-07 11:24:44',22,''),(33,3,198.00,9,'钟炜宏',NULL,'362428199501031120','13965489623',1,'2019-09-06','2019-09-07','2019-09-07 11:24:45',22,''),(34,3,168.00,9,'钟炜宏',NULL,'362428199501031120','13965489623',1,'2019-09-06','2019-09-07','2019-09-07 11:26:25',22,''),(35,13,198.00,11,'何志逼',NULL,'362459654623659874','13965489656',1,'2019-09-13','2019-09-14','2019-09-07 14:50:51',21,'马上到！'),(36,10,128.00,5,'钟炜宏',NULL,'362428199501031120','13965489623',1,'2019-09-22','2019-09-23','2019-09-26 14:50:29',25,''),(37,6,699.00,13,'生坑',NULL,'362428966515201562','15279615192',1,'2019-09-27','2019-09-28','2019-09-26 14:51:36',34,''),(38,14,740.00,6,'Admin',NULL,'362458965123659871','13658974562',1,'2019-09-23','2019-09-28','2019-09-26 15:37:27',32,'给我一分钟时间！'),(39,13,198.00,11,'欧几把阳',NULL,'362428966305021126','13956987452',1,'2019-09-26','2019-09-27','2019-09-26 15:55:22',35,''),(40,11,148.00,6,'欧几把阳',NULL,'362426985612369874','13698745621',1,'2019-09-27','2019-09-28','2019-09-26 16:08:36',36,''),(41,3,178.00,9,'欧几把阳',NULL,'362428966541569987','13956987456',1,'2019-09-27','2019-09-28','2019-09-26 16:56:00',38,''),(42,1,444.00,4,'Admin',NULL,'362458965123659871','13658974562',1,'2019-09-30','2019-10-06','2019-09-28 15:25:32',48,''),(43,3,198.00,9,'钟炜宏',NULL,'362458965123659885','13658974562',1,'2019-10-01','2019-10-02','2019-09-30 19:23:58',49,'店长国庆节快乐！'),(44,3,198.00,9,'Admin',NULL,'362458965123659885','13658974562',1,'2019-10-30','2019-10-31','2019-10-01 20:18:18',50,'马上到！');
/*!40000 ALTER TABLE `checkinn` ENABLE KEYS */;
UNLOCK TABLES;

--
-- Table structure for table `floor`
--

DROP TABLE IF EXISTS `floor`;
/*!40101 SET @saved_cs_client     = @@character_set_client */;
/*!40101 SET character_set_client = utf8 */;
CREATE TABLE `floor` (
  `id` int(11) NOT NULL AUTO_INCREMENT,
  `name` varchar(255) DEFAULT NULL,
  `remark` varchar(255) DEFAULT NULL,
  PRIMARY KEY (`id`)
) ENGINE=InnoDB AUTO_INCREMENT=14 DEFAULT CHARSET=utf8;
/*!40101 SET character_set_client = @saved_cs_client */;

--
-- Dumping data for table `floor`
--

LOCK TABLES `floor` WRITE;
/*!40000 ALTER TABLE `floor` DISABLE KEYS */;
INSERT INTO `floor` VALUES (6,'一楼','一楼很好！'),(7,'二楼','二楼环境好！'),(8,'三楼','三楼空气好！'),(9,'四楼','四楼采光好！'),(10,'五楼','五楼各方面都好！'),(11,'六楼','六楼各方面都好！'),(13,'七楼','很好哦！');
/*!40000 ALTER TABLE `floor` ENABLE KEYS */;
UNLOCK TABLES;

--
-- Table structure for table `log`
--

DROP TABLE IF EXISTS `log`;
/*!40101 SET @saved_cs_client     = @@character_set_client */;
/*!40101 SET character_set_client = utf8 */;
CREATE TABLE `log` (
  `id` int(11) NOT NULL AUTO_INCREMENT,
  `content` varchar(255) DEFAULT NULL,
  `createTime` datetime NOT NULL,
  PRIMARY KEY (`id`)
) ENGINE=InnoDB AUTO_INCREMENT=1157 DEFAULT CHARSET=utf8;
/*!40101 SET character_set_client = @saved_cs_client */;

--
-- Dumping data for table `log`
--

LOCK TABLES `log` WRITE;
/*!40000 ALTER TABLE `log` DISABLE KEYS */;
INSERT INTO `log` VALUES (6,'用户Admin登录成功！','2019-07-31 20:38:16'),(7,'用户Admin登录成功！','2019-07-31 21:15:33'),(8,'用户Admin登录成功！','2019-07-31 21:19:18'),(9,'用户Admin登录成功！','2019-07-31 21:21:23'),(10,'用户Admin登录成功！','2019-07-31 21:24:43'),(11,'用户Admin登录成功！','2019-07-31 21:28:03'),(12,'用户Admin登录成功！','2019-07-31 21:45:16'),(13,'用户Admin登录成功！','2019-07-31 21:47:31'),(14,'用户Admin登录时，密码错误！','2019-07-31 21:50:11'),(15,'用户超级管理员Admin登录成功！','2019-07-31 21:50:22'),(16,'超级管理员:Admin修改密码成功！','2019-07-31 21:50:34'),(17,'用户超级管理员Admin登录成功！','2019-08-01 10:26:34'),(18,'用户超级管理员Admin登录成功！','2019-08-01 15:14:11'),(19,'用户超级管理员Admin登录成功！','2019-08-01 15:19:45'),(20,'用户Admin输入验证码错误！','2019-08-01 15:21:27'),(21,'用户超级管理员Admin登录成功！','2019-08-01 15:21:37'),(22,'用户超级管理员Admin登录成功！','2019-08-01 19:41:21'),(23,'用户超级管理员Admin登录成功！','2019-08-01 20:26:17'),(24,'用户超级管理员Admin登录成功！','2019-08-01 20:35:51'),(25,'超级管理员Admin 更新楼层信息成功！','2019-08-01 20:36:04'),(26,'超级管理员Admin 更新楼层信息成功！','2019-08-01 20:36:17'),(27,'超级管理员Admin 更新楼层信息成功！','2019-08-01 20:37:20'),(28,'超级管理员Admin 更新楼层信息成功！','2019-08-01 20:38:28'),(29,'用户超级管理员Admin登录成功！','2019-08-01 20:52:10'),(30,'用户超级管理员Admin登录成功！','2019-08-01 20:55:01'),(31,'用户超级管理员Admin登录成功！','2019-08-01 21:02:46'),(32,'用户超级管理员Admin登录成功！','2019-08-01 21:04:15'),(33,'用户超级管理员Admin登录成功！','2019-08-01 21:10:21'),(34,'用户超级管理员Admin登录成功！','2019-08-01 21:13:29'),(35,'用户超级管理员Admin登录成功！','2019-08-01 21:15:45'),(36,'用户超级管理员Admin登录成功！','2019-08-01 21:22:28'),(37,'超级管理员Admin 删除楼层信息失败！','2019-08-01 21:25:06'),(38,'超级管理员Admin 删除楼层信息失败！','2019-08-01 21:26:12'),(39,'超级管理员Admin 添加楼层信息成功！','2019-08-01 21:26:28'),(40,'超级管理员Admin 更新楼层信息成功！','2019-08-01 21:26:31'),(41,'超级管理员Admin 添加楼层信息成功！','2019-08-01 21:32:20'),(42,'超级管理员Admin 删除楼层信息失败！','2019-08-01 21:32:25'),(43,'用户超级管理员Admin登录成功！','2019-08-01 21:33:23'),(44,'超级管理员Admin 添加楼层信息成功！','2019-08-01 21:33:35'),(45,'超级管理员Admin 删除楼层信息成功！','2019-08-01 21:33:39'),(46,'超级管理员Admin 添加楼层信息成功！','2019-08-01 21:33:43'),(47,'超级管理员Admin 删除楼层信息成功！','2019-08-01 21:33:47'),(48,'超级管理员Admin 删除楼层信息成功！','2019-08-01 21:33:50'),(49,'超级管理员Admin 删除楼层信息成功！','2019-08-01 21:34:50'),(50,'用户超级管理员Admin登录成功！','2019-08-02 08:48:42'),(51,'用户超级管理员Admin登录成功！','2019-08-02 21:20:43'),(52,'用户超级管理员Admin登录成功！','2019-08-02 21:25:12'),(53,'用户超级管理员Admin登录成功！','2019-08-02 21:41:10'),(54,'用户超级管理员Admin登录成功！','2019-08-02 21:44:29'),(55,'用户超级管理员Admin登录成功！','2019-08-02 21:49:50'),(56,'用户超级管理员Admin登录成功！','2019-08-03 08:26:01'),(57,'用户超级管理员Admin登录成功！','2019-08-03 08:29:32'),(58,'用户超级管理员Admin登录成功！','2019-08-03 08:32:32'),(59,'用户超级管理员Admin登录成功！','2019-08-03 08:38:04'),(60,'用户超级管理员Admin登录成功！','2019-08-03 08:41:37'),(61,'用户Admin输入验证码错误！','2019-08-03 08:43:16'),(62,'用户超级管理员Admin登录成功！','2019-08-03 08:43:23'),(63,'用户超级管理员Admin登录成功！','2019-08-03 08:44:53'),(64,'用户超级管理员Admin登录成功！','2019-08-03 08:52:26'),(65,'用户超级管理员Admin登录成功！','2019-08-03 09:00:59'),(66,'超级管理员Admin 添加房型信息失败！','2019-08-03 09:01:22'),(67,'超级管理员Admin登录成功！','2019-08-03 09:38:59'),(68,'超级管理员Admin 添加房型信息成功！','2019-08-03 09:39:32'),(69,'超级管理员Admin 修改房型信息成功！','2019-08-03 09:39:39'),(70,'超级管理员Admin 删除房型信息成功！','2019-08-03 09:39:43'),(71,'超级管理员Admin 添加房型信息成功！','2019-08-03 09:39:58'),(72,'超级管理员Admin登录成功！','2019-08-03 10:05:53'),(73,'超级管理员Admin 修改房型信息成功！','2019-08-03 10:06:11'),(74,'超级管理员Admin 修改房型信息成功！','2019-08-03 10:06:40'),(75,'超级管理员Admin登录成功！','2019-08-03 10:09:01'),(76,'超级管理员Admin 修改房型信息成功！','2019-08-03 10:09:11'),(77,'超级管理员Admin 修改房型信息成功！','2019-08-03 10:09:28'),(78,'超级管理员Admin 删除房型信息成功！','2019-08-03 10:10:14'),(79,'超级管理员Admin 添加房型信息成功！','2019-08-03 10:10:37'),(80,'超级管理员Admin 修改房型信息成功！','2019-08-03 10:10:44'),(81,'超级管理员Admin登录成功！','2019-08-03 10:13:25'),(82,'超级管理员Admin 修改房型信息成功！','2019-08-03 10:13:38'),(83,'超级管理员Admin登录成功！','2019-08-03 10:14:34'),(84,'超级管理员Admin 修改房型信息成功！','2019-08-03 10:16:37'),(85,'超级管理员Admin登录成功！','2019-08-03 10:17:22'),(86,'超级管理员Admin 修改房型信息成功！','2019-08-03 10:17:39'),(87,'超级管理员Admin登录成功！','2019-08-03 10:19:07'),(88,'超级管理员Admin 修改房型信息成功！','2019-08-03 10:19:28'),(89,'超级管理员Admin登录成功！','2019-08-03 10:53:12'),(90,'超级管理员Admin 修改房型信息成功！','2019-08-03 10:53:26'),(91,'超级管理员Admin 修改房型信息成功！','2019-08-03 10:53:34'),(92,'超级管理员Admin 修改房型信息成功！','2019-08-03 10:53:40'),(93,'超级管理员Admin 修改房型信息成功！','2019-08-03 10:53:48'),(94,'超级管理员Admin登录成功！','2019-08-03 11:06:34'),(95,'超级管理员Admin 修改房型信息成功！','2019-08-03 11:06:48'),(96,'超级管理员Admin 修改房型信息成功！','2019-08-03 11:06:56'),(97,'超级管理员Admin 修改房型信息成功！','2019-08-03 11:07:13'),(98,'超级管理员Admin 修改房型信息成功！','2019-08-03 11:07:19'),(99,'超级管理员Admin登录成功！','2019-08-03 17:01:21'),(100,'超级管理员Admin登录成功！','2019-08-03 17:04:37'),(101,'超级管理员Admin登录成功！','2019-08-03 21:24:58'),(102,'超级管理员Admin登录成功！','2019-08-03 21:27:04'),(103,'用户Admin输入验证码错误！','2019-08-03 21:30:16'),(104,'超级管理员Admin登录成功！','2019-08-03 21:30:23'),(105,'超级管理员Admin 更新楼层信息成功！','2019-08-03 21:36:13'),(106,'超级管理员Admin登录成功！','2019-08-04 08:34:25'),(107,'超级管理员Admin 添加楼层信息成功！','2019-08-04 08:35:05'),(108,'超级管理员Admin 更新楼层信息成功！','2019-08-04 08:35:11'),(109,'超级管理员Admin 添加楼层信息成功！','2019-08-04 08:35:27'),(110,'超级管理员Admin 添加楼层信息成功！','2019-08-04 08:35:44'),(111,'超级管理员Admin 添加楼层信息成功！','2019-08-04 08:36:03'),(112,'超级管理员Admin 更新楼层信息成功！','2019-08-04 08:36:07'),(113,'超级管理员Admin 添加楼层信息成功！','2019-08-04 08:36:24'),(114,'超级管理员Admin 修改房型信息成功！','2019-08-04 08:37:25'),(115,'超级管理员Admin 添加房型信息成功！','2019-08-04 08:38:24'),(116,'超级管理员Admin 添加房型信息成功！','2019-08-04 08:39:57'),(117,'超级管理员Admin 添加房型信息成功！','2019-08-04 08:41:09'),(118,'超级管理员Admin 添加房型信息成功！','2019-08-04 08:41:53'),(119,'超级管理员Admin 添加房型信息成功！','2019-08-04 08:42:32'),(120,'超级管理员Admin 添加房型信息成功！','2019-08-04 08:47:40'),(121,'超级管理员Admin 添加房型信息成功！','2019-08-04 08:49:02'),(122,'超级管理员Admin 添加房型信息成功！','2019-08-04 08:49:55'),(123,'超级管理员Admin 添加房型信息成功！','2019-08-04 08:50:48'),(124,'超级管理员Admin 添加房型信息成功！','2019-08-04 08:51:28'),(125,'超级管理员Admin 添加房型信息成功！','2019-08-04 08:51:58'),(126,'用户Admin输入验证码错误！','2019-08-04 08:52:52'),(127,'超级管理员Admin登录成功！','2019-08-04 08:53:00'),(128,'超级管理员Admin登录成功！','2019-08-04 09:29:54'),(129,'超级管理员Admin 更新房间信息成功！','2019-08-04 09:39:08'),(130,'超级管理员Admin 更新房间信息成功！','2019-08-04 09:42:31'),(131,'超级管理员Admin 更新房间信息成功！','2019-08-04 09:43:32'),(132,'超级管理员Admin 更新房间信息成功！','2019-08-04 09:47:55'),(133,'超级管理员Admin 更新房间信息成功！','2019-08-04 09:48:02'),(134,'超级管理员Admin 更新房间信息成功！','2019-08-04 09:49:36'),(135,'超级管理员Admin登录成功！','2019-08-04 10:38:17'),(136,'超级管理员Admin登录成功！','2019-08-04 11:00:59'),(137,'超级管理员Admin登录成功！','2019-08-04 11:02:01'),(138,'超级管理员Admin登录成功！','2019-08-04 11:32:21'),(139,'超级管理员Admin登录成功！','2019-08-04 11:35:54'),(140,'超级管理员Admin登录成功！','2019-08-04 11:39:13'),(141,'用户Admin输入验证码错误！','2019-08-04 11:40:57'),(142,'超级管理员Admin登录成功！','2019-08-04 11:41:04'),(143,'超级管理员Admin 添加客户信息成功！','2019-08-04 11:41:37'),(144,'超级管理员Admin登录成功！','2019-08-04 11:44:02'),(145,'超级管理员Admin登录成功！','2019-08-04 20:57:39'),(146,'超级管理员Admin登录成功！','2019-08-04 20:59:48'),(147,'超级管理员Admin登录成功！','2019-08-04 21:39:29'),(148,'超级管理员Admin登录成功！','2019-08-04 21:44:02'),(149,'超级管理员Admin 更新客户信息成功！','2019-08-04 21:44:59'),(150,'超级管理员Admin登录成功！','2019-08-04 21:55:27'),(151,'超级管理员Admin登录成功！','2019-08-04 21:56:59'),(152,'超级管理员Admin登录成功！','2019-08-05 07:46:35'),(153,'超级管理员Admin 更新客户信息成功！','2019-08-05 07:46:50'),(154,'超级管理员Admin 更新客户信息成功！','2019-08-05 07:46:57'),(155,'超级管理员Admin登录成功！','2019-08-05 07:52:35'),(156,'超级管理员Admin登录成功！','2019-08-05 08:00:56'),(157,'超级管理员Admin登录成功！','2019-08-05 08:02:31'),(158,'超级管理员Admin登录成功！','2019-08-05 08:08:25'),(159,'超级管理员Admin登录成功！','2019-08-05 08:10:27'),(160,'超级管理员Admin 添加客户信息成功！','2019-08-05 08:10:48'),(161,'超级管理员Admin 删除客户信息成功！','2019-08-05 08:13:39'),(162,'超级管理员Admin 添加客户信息成功！','2019-08-05 08:13:43'),(163,'超级管理员Admin 添加客户信息成功！','2019-08-05 08:13:50'),(164,'超级管理员Admin 更新客户信息成功！','2019-08-05 08:16:22'),(165,'超级管理员Admin 更新客户信息成功！','2019-08-05 08:16:29'),(166,'超级管理员Admin 添加客户信息成功！','2019-08-05 08:17:05'),(167,'超级管理员Admin登录成功！','2019-08-05 08:52:54'),(168,'超级管理员Admin登录成功！','2019-08-05 16:00:59'),(169,'超级管理员Admin 添加预定订单成功！','2019-08-05 16:07:48'),(170,'超级管理员Admin 添加预定订单成功！','2019-08-05 16:09:41'),(171,'用户Admin输入验证码错误！','2019-08-05 16:24:16'),(172,'超级管理员Admin登录成功！','2019-08-05 16:24:36'),(173,'超级管理员Admin 添加预定订单成功！','2019-08-05 16:28:19'),(174,'用户Admin输入验证码错误！','2019-08-05 20:35:29'),(175,'超级管理员Admin登录成功！','2019-08-05 20:35:38'),(176,'超级管理员Admin 更新预定订单信息成功！','2019-08-05 20:36:14'),(177,'超级管理员Admin 更新预定订单信息成功！','2019-08-05 20:36:25'),(178,'超级管理员Admin 更新预定订单信息成功！','2019-08-05 20:37:20'),(179,'超级管理员Admin登录成功！','2019-08-05 21:20:14'),(180,'超级管理员Admin登录成功！','2019-08-06 09:53:09'),(181,'超级管理员Admin登录成功！','2019-08-06 09:57:00'),(182,'超级管理员Admin登录成功！','2019-08-06 15:05:28'),(183,'超级管理员Admin登录成功！','2019-08-06 20:58:03'),(184,'超级管理员Admin登录成功！','2019-08-06 21:14:15'),(185,'超级管理员Admin登录成功！','2019-08-06 21:38:49'),(186,'超级管理员Admin登录成功！','2019-08-06 21:41:01'),(187,'超级管理员Admin 添加入住信息成功！','2019-08-06 21:44:27'),(188,'超级管理员Admin登录成功！','2019-08-06 21:47:05'),(189,'超级管理员Admin 更新入住信息成功!','2019-08-06 21:47:23'),(190,'超级管理员Admin 更新入住信息成功!','2019-08-06 21:49:35'),(191,'超级管理员Admin 更新入住信息成功!','2019-08-06 21:50:24'),(192,'超级管理员Admin 更新入住信息成功!','2019-08-06 21:52:19'),(193,'超级管理员Admin登录成功！','2019-08-07 07:45:12'),(194,'超级管理员Admin登录成功！','2019-08-07 09:20:48'),(195,'超级管理员Admin登录成功！','2019-08-07 09:52:42'),(196,'超级管理员Admin 添加预定订单成功！','2019-08-07 09:56:22'),(197,'超级管理员Admin 添加预定订单成功！','2019-08-07 09:56:52'),(198,'超级管理员Admin 添加入住信息成功！','2019-08-07 09:58:02'),(199,'超级管理员Admin 更新入住信息成功!','2019-08-07 10:00:59'),(200,'超级管理员Admin 更新入住信息成功!','2019-08-07 10:14:54'),(201,'超级管理员Admin登录成功！','2019-08-07 11:19:10'),(202,'超级管理员Admin登录成功！','2019-08-07 11:27:42'),(203,'超级管理员Admin 添加入住信息成功！','2019-08-07 11:29:22'),(204,'超级管理员Admin 进行退房操作成功！','2019-08-07 11:29:28'),(205,'超级管理员Admin 进行退房操作成功！','2019-08-07 11:30:57'),(206,'超级管理员Admin登录成功！','2019-08-07 20:49:01'),(207,'超级管理员Admin登录成功！','2019-08-07 21:19:41'),(208,'超级管理员Admin登录成功！','2019-08-07 21:23:54'),(209,'超级管理员Admin登录成功！','2019-08-07 22:00:18'),(210,'超级管理员Admin登录成功！','2019-08-08 09:10:37'),(211,'超级管理员Admin登录成功！','2019-08-08 09:26:43'),(212,'超级管理员Admin 修改房型信息成功！','2019-08-08 09:29:12'),(213,'超级管理员Admin 修改房型信息成功！','2019-08-08 09:31:24'),(214,'超级管理员Admin 修改房型信息成功！','2019-08-08 09:31:46'),(215,'超级管理员Admin 修改房型信息成功！','2019-08-08 09:32:17'),(216,'超级管理员Admin 修改房型信息成功！','2019-08-08 09:32:58'),(217,'超级管理员Admin 修改房型信息成功！','2019-08-08 09:33:06'),(218,'超级管理员Admin 修改房型信息成功！','2019-08-08 09:33:19'),(219,'超级管理员Admin 修改房型信息成功！','2019-08-08 09:33:59'),(220,'超级管理员Admin 修改房型信息成功！','2019-08-08 09:34:23'),(221,'超级管理员Admin 修改房型信息成功！','2019-08-08 09:34:38'),(222,'超级管理员Admin 修改房型信息成功！','2019-08-08 09:35:10'),(223,'超级管理员Admin 修改房型信息成功！','2019-08-08 09:35:23'),(224,'超级管理员Admin登录成功！','2019-08-08 09:36:52'),(225,'用户Admin输入验证码错误！','2019-08-08 17:22:59'),(226,'客户Admin 登录前台时验证码错误!','2019-08-08 18:02:51'),(227,'客户Admin 登录前台成功','2019-08-08 18:02:58'),(228,'欧几把阳 注册失败！','2019-08-08 19:31:50'),(229,'何志逼 注册失败！','2019-08-08 19:33:46'),(230,'超级管理员Admin登录成功！','2019-08-08 20:34:55'),(231,'客户钟炜宏 登录前台成功','2019-08-08 20:35:18'),(232,'客户钟炜宏 登录前台成功','2019-08-08 20:37:06'),(233,'客户钟炜宏 登录前台时验证码错误!','2019-08-08 21:19:32'),(234,'客户钟炜宏 登录前台成功','2019-08-08 21:19:38'),(235,'客户钟炜宏 登录前台成功','2019-08-08 22:01:08'),(236,'客户钟炜宏 添加预定信息成功！','2019-08-08 22:01:27'),(237,'用户Admin输入验证码错误！','2019-08-08 22:04:08'),(238,'超级管理员Admin登录成功！','2019-08-08 22:04:14'),(239,'超级管理员Admin 更新预定订单信息成功！','2019-08-08 22:06:22'),(240,'超级管理员Admin登录成功！','2019-08-08 22:16:20'),(241,'客户Admin 登录前台成功','2019-08-08 22:16:39'),(242,'客户Admin 退出登录！','2019-08-08 22:17:07'),(243,'客户钟炜宏 登录前台成功','2019-08-08 22:17:12'),(244,'超级管理员Admin登录成功！','2019-08-09 08:25:02'),(245,'客户Admin 登录前台成功','2019-08-09 08:25:29'),(246,'客户Admin 退出登录！','2019-08-09 08:25:40'),(247,'客户钟炜宏 登录前台成功','2019-08-09 08:25:48'),(248,'客户钟炜宏 登录前台时验证码错误!','2019-08-09 08:52:40'),(249,'客户钟炜宏 登录前台时验证码错误!','2019-08-09 08:52:47'),(250,'客户钟炜宏 登录前台成功','2019-08-09 08:52:52'),(251,'客户钟炜宏 登录前台成功','2019-08-09 09:29:24'),(252,'客户钟炜宏 更新用户信息成功！','2019-08-09 09:30:23'),(253,'客户钟炜宏 更新用户信息成功！','2019-08-09 09:34:01'),(254,'客户钟炜宏 更新用户信息成功！','2019-08-09 09:34:01'),(255,'客户钟炜宏 更新用户信息成功！','2019-08-09 09:34:01'),(256,'客户钟炜宏 登录前台成功','2019-08-09 09:58:43'),(257,'客户钟炜宏 更新用户信息成功！','2019-08-09 09:58:56'),(258,'客户钟炜宏 更新用户信息成功！','2019-08-09 09:58:58'),(259,'客户钟炜宏11 更新用户信息成功！','2019-08-09 09:59:04'),(260,'客户钟炜宏 更新用户信息成功！','2019-08-09 09:59:12'),(261,'超级管理员Admin登录成功！','2019-08-09 16:25:59'),(262,'超级管理员Admin登录成功！','2019-08-09 16:27:14'),(263,'超级管理员Admin登录成功！','2019-08-09 16:43:37'),(264,'超级管理员Admin登录成功！','2019-08-09 19:41:15'),(265,'超级管理员Admin登录成功！','2019-08-09 19:43:40'),(266,'超级管理员Admin 添加入住信息成功！','2019-08-09 19:49:57'),(267,'超级管理员Admin 更新入住信息成功!','2019-08-09 19:50:11'),(268,'超级管理员Admin 添加入住信息成功！','2019-08-09 19:50:30'),(269,'超级管理员Admin 进行退房操作成功！','2019-08-09 19:50:42'),(270,'超级管理员Admin 进行退房操作成功！','2019-08-09 19:50:44'),(271,'超级管理员Admin 更新房间信息成功！','2019-08-09 19:52:28'),(272,'超级管理员Admin 更新房间信息成功！','2019-08-09 19:52:34'),(273,'超级管理员Admin 更新房间信息成功！','2019-08-09 19:52:39'),(274,'超级管理员Admin登录成功！','2019-08-09 21:14:40'),(275,'用户Admin输入验证码错误！','2019-08-09 21:27:31'),(276,'超级管理员Admin登录成功！','2019-08-09 21:27:39'),(277,'超级管理员Admin登录成功！','2019-08-09 21:32:30'),(278,'超级管理员Admin登录成功！','2019-08-10 09:16:17'),(279,'超级管理员Admin 添加预定订单成功！','2019-08-10 09:17:26'),(280,'超级管理员Admin 更新客户信息成功！','2019-08-10 09:19:05'),(281,'超级管理员Admin 更新客户信息成功！','2019-08-10 09:19:12'),(282,'超级管理员Admin 添加预定订单成功！','2019-08-10 09:20:06'),(283,'超级管理员Admin 添加入住信息成功！','2019-08-10 09:21:52'),(284,'超级管理员Admin 添加入住信息成功！','2019-08-10 09:46:17'),(285,'超级管理员Admin 更新入住信息成功!','2019-08-10 09:46:24'),(286,'超级管理员Admin 进行退房操作成功！','2019-08-10 09:46:28'),(287,'超级管理员Admin 进行退房操作成功！','2019-08-10 09:46:48'),(288,'超级管理员Admin 更新房间信息成功！','2019-08-10 09:47:01'),(289,'超级管理员Admin 更新房间信息成功！','2019-08-10 09:47:10'),(290,'超级管理员Admin 添加客户信息成功！','2019-08-10 09:56:43'),(291,'超级管理员Admin 添加客户信息成功！','2019-08-10 09:57:07'),(292,'超级管理员Admin 更新客户信息成功！','2019-08-10 09:57:17'),(293,'超级管理员Admin 更新客户信息成功！','2019-08-10 09:57:28'),(294,'超级管理员Admin 更新客户信息成功！','2019-08-10 09:57:39'),(295,'超级管理员Admin 更新客户信息成功！','2019-08-10 09:57:51'),(296,'超级管理员Admin 更新客户信息成功！','2019-08-10 09:57:58'),(297,'超级管理员Admin 更新客户信息成功！','2019-08-10 09:58:05'),(298,'超级管理员Admin 更新客户信息成功！','2019-08-10 09:58:17'),(299,'超级管理员Admin 更新客户信息成功！','2019-08-10 09:58:27'),(300,'超级管理员Admin 更新客户信息成功！','2019-08-10 09:58:37'),(301,'超级管理员Admin 更新客户信息成功！','2019-08-10 09:58:56'),(302,'超级管理员Admin 删除房间信息成功！','2019-08-10 10:03:57'),(303,'超级管理员Admin 更新房间信息成功！','2019-08-10 10:11:31'),(304,'超级管理员Admin 更新房间信息成功！','2019-08-10 10:11:37'),(305,'客户Admin 登录前台时验证码错误!','2019-08-10 11:06:37'),(306,'客户Admin 登录前台成功','2019-08-10 11:06:46'),(307,'客户Admin 退出登录！','2019-08-10 11:07:19'),(308,'客户钟炜宏 登录前台成功','2019-08-10 11:07:25'),(309,'客户钟炜宏 登录前台成功','2019-08-11 09:57:59'),(310,'客户钟炜宏 登录前台成功','2019-08-11 10:34:25'),(311,'客户钟炜宏 登录前台成功','2019-08-11 10:34:30'),(312,'客户钟炜宏 登录前台时验证码错误!','2019-08-11 10:34:39'),(313,'超级管理员Admin登录成功！','2019-08-25 07:53:03'),(314,'超级管理员Admin 添加预定订单成功！','2019-08-25 08:04:06'),(315,'超级管理员Admin 添加入住信息成功！','2019-08-25 08:04:41'),(316,'超级管理员Admin 进行退房操作成功！','2019-08-25 08:04:47'),(317,'超级管理员Admin 更新房间信息成功！','2019-08-25 08:15:29'),(318,'超级管理员Admin 添加预定订单成功！','2019-08-25 08:17:14'),(319,'超级管理员Admin 添加入住信息成功！','2019-08-25 08:17:41'),(320,'超级管理员Admin 更新入住信息成功!','2019-08-25 08:31:53'),(321,'超级管理员Admin 进行退房操作成功！','2019-08-25 08:31:56'),(322,'超级管理员Admin 添加预定订单成功！','2019-08-25 08:40:36'),(323,'超级管理员Admin 添加入住信息成功！','2019-08-25 08:41:15'),(324,'超级管理员Admin 进行退房操作成功！','2019-08-25 08:50:20'),(325,'超级管理员Admin 更新入住信息成功!','2019-08-25 08:50:59'),(326,'超级管理员Admin 更新入住信息成功!','2019-08-25 08:51:06'),(327,'超级管理员Admin 更新入住信息成功!','2019-08-25 08:51:11'),(328,'超级管理员Admin登录成功！','2019-08-25 08:57:47'),(329,'超级管理员Admin 添加预定订单成功！','2019-08-25 08:58:20'),(330,'超级管理员Admin 添加入住信息成功！','2019-08-25 08:58:39'),(331,'超级管理员Admin 进行退房操作成功！','2019-08-25 08:58:58'),(332,'普通用户钟炜宏登录成功！','2019-08-25 09:45:27'),(333,'超级管理员Admin登录成功！','2019-08-25 15:19:33'),(334,'超级管理员Admin登录成功！','2019-08-25 15:30:34'),(335,'超级管理员Admin登录成功！','2019-08-25 15:30:50'),(336,'用户Admin输入验证码错误！','2019-08-30 16:53:12'),(337,'超级管理员Admin登录成功！','2019-08-30 16:53:19'),(338,'超级管理员Admin 添加预定订单成功！','2019-08-30 16:54:09'),(339,'超级管理员Admin 添加入住信息成功！','2019-08-30 16:54:28'),(340,'超级管理员Admin 进行退房操作成功！','2019-08-30 16:54:31'),(341,'客户Admin 登录前台成功','2019-08-30 16:54:53'),(342,'客户Admin 添加预定信息成功！','2019-08-30 16:55:18'),(343,'客户Admin 退出登录！','2019-08-30 16:55:38'),(344,'超级管理员Admin登录成功！','2019-08-31 17:35:44'),(345,'超级管理员Admin 添加预定订单成功！','2019-08-31 17:36:19'),(346,'超级管理员Admin 添加入住信息成功！','2019-08-31 17:36:41'),(347,'超级管理员Admin 进行退房操作成功！','2019-08-31 17:37:03'),(348,'客户Admin 登录前台成功','2019-08-31 17:38:25'),(349,'客户Admin 添加预定信息成功！','2019-08-31 17:38:34'),(350,'客户Admin 退出登录！','2019-08-31 17:38:40'),(351,'超级管理员Admin登录成功！','2019-08-31 17:38:48'),(352,'超级管理员Admin登录成功！','2019-09-01 20:43:03'),(353,'超级管理员Admin 添加预定订单成功！','2019-09-01 20:43:53'),(354,'超级管理员Admin 更新房间信息成功！','2019-09-01 20:46:20'),(355,'超级管理员Admin 添加入住信息成功！','2019-09-01 20:47:30'),(356,'超级管理员Admin 进行退房操作成功！','2019-09-01 20:47:36'),(357,'超级管理员Admin 更新房间信息成功！','2019-09-01 20:47:58'),(358,'超级管理员Admin 更新房间信息成功！','2019-09-01 20:48:03'),(359,'超级管理员Admin 更新房间信息成功！','2019-09-01 20:48:09'),(360,'超级管理员Admin 更新房间信息成功！','2019-09-01 20:48:15'),(361,'超级管理员Admin 更新房间信息成功！','2019-09-01 20:48:24'),(362,'超级管理员Admin 添加入住信息成功！','2019-09-01 20:48:45'),(363,'超级管理员Admin 进行退房操作成功！','2019-09-01 20:48:51'),(364,'超级管理员Admin 添加入住信息成功！','2019-09-01 20:49:04'),(365,'超级管理员Admin 进行退房操作成功！','2019-09-01 20:49:08'),(366,'超级管理员Admin登录成功！','2019-09-01 21:12:04'),(367,'超级管理员Admin登录成功！','2019-09-04 10:51:54'),(368,'超级管理员Admin登录成功！','2019-09-04 11:01:21'),(369,'超级管理员Admin登录成功！','2019-09-04 11:59:48'),(370,'超级管理员Admin 添加客户信息成功！','2019-09-04 12:03:42'),(371,'超级管理员Admin 更新客户信息成功！','2019-09-04 12:03:58'),(372,'超级管理员Admin登录成功！','2019-09-04 12:07:32'),(373,'超级管理员Admin 添加客户信息成功！','2019-09-04 12:26:46'),(374,'超级管理员Admin登录成功！','2019-09-04 14:26:20'),(375,'超级管理员Admin登录成功！','2019-09-04 14:35:43'),(376,'超级管理员Admin 更新客户信息成功！','2019-09-04 14:37:19'),(377,'超级管理员Admin 更新客户信息成功！','2019-09-04 14:38:01'),(378,'超级管理员Admin 更新房间信息成功！','2019-09-04 14:50:12'),(379,'超级管理员Admin 更新入住信息成功!','2019-09-04 14:51:20'),(380,'超级管理员Admin 更新入住信息成功!','2019-09-04 14:51:31'),(381,'超级管理员Admin 更新房间信息成功！','2019-09-04 14:51:51'),(382,'超级管理员Admin 更新房间信息成功！','2019-09-04 14:52:14'),(383,'超级管理员Admin 更新入住信息成功!','2019-09-04 14:52:27'),(384,'超级管理员Admin 更新入住信息成功!','2019-09-04 14:52:32'),(385,'超级管理员Admin 更新入住信息成功!','2019-09-04 14:52:40'),(386,'超级管理员Admin 更新入住信息成功!','2019-09-04 14:53:14'),(387,'超级管理员Admin登录成功！','2019-09-04 15:03:10'),(388,'超级管理员Admin登录成功！','2019-09-04 15:08:05'),(389,'超级管理员Admin登录成功！','2019-09-04 15:45:35'),(390,'超级管理员Admin登录成功！','2019-09-06 08:36:33'),(391,'超级管理员Admin登录成功！','2019-09-06 08:43:26'),(392,'超级管理员Admin登录成功！','2019-09-06 08:54:11'),(393,'超级管理员Admin登录成功！','2019-09-06 08:58:04'),(394,'超级管理员Admin登录成功！','2019-09-06 08:59:05'),(395,'超级管理员Admin登录成功！','2019-09-06 09:01:05'),(396,'超级管理员Admin登录成功！','2019-09-06 09:03:18'),(397,'超级管理员Admin登录成功！','2019-09-06 09:06:23'),(398,'客户Admin 登录前台成功','2019-09-06 09:24:47'),(399,'超级管理员Admin登录成功！','2019-09-06 09:36:28'),(400,'客户Admin 添加预定信息成功！','2019-09-06 09:37:05'),(401,'超级管理员Admin 添加入住信息成功！','2019-09-06 09:37:47'),(402,'超级管理员Admin 进行退房操作成功！','2019-09-06 09:39:59'),(403,'超级管理员Admin登录成功！','2019-09-06 16:00:36'),(404,'超级管理员Admin登录成功！','2019-09-06 16:49:51'),(405,'客户Admin 登录前台成功','2019-09-06 16:50:03'),(406,'超级管理员Admin登录成功！','2019-09-06 16:50:46'),(407,'客户Admin 添加预定信息成功！','2019-09-06 16:52:29'),(408,'客户Admin 更新用户信息成功！','2019-09-06 16:53:10'),(409,'客户Admin 更新用户信息成功！','2019-09-06 16:53:10'),(410,'客户Admin 更新用户信息成功！','2019-09-06 16:53:10'),(411,'超级管理员Admin登录成功！','2019-09-06 17:11:16'),(412,'超级管理员Admin 更新客户信息成功！','2019-09-06 17:13:28'),(413,'超级管理员Admin 更新客户信息成功！','2019-09-06 17:13:45'),(414,'超级管理员Admin 更新客户信息成功！','2019-09-06 17:14:20'),(415,'超级管理员Admin 更新客户信息成功！','2019-09-06 17:15:28'),(416,'超级管理员Admin 更新客户信息成功！','2019-09-06 17:15:47'),(417,'客户Admin 登录前台成功','2019-09-07 08:23:49'),(418,'超级管理员Admin登录成功！','2019-09-07 08:39:02'),(419,'超级管理员Admin 添加入住信息成功！','2019-09-07 08:43:51'),(420,'超级管理员Admin 进行退房操作成功！','2019-09-07 08:44:21'),(421,'超级管理员Admin 更新房间信息成功！','2019-09-07 08:45:28'),(422,'超级管理员Admin 更新房间信息成功！','2019-09-07 08:45:35'),(423,'超级管理员Admin 更新客户信息成功！','2019-09-07 09:14:01'),(424,'超级管理员Admin 添加客户信息成功！','2019-09-07 09:15:31'),(425,'超级管理员Admin登录成功！','2019-09-07 09:21:12'),(426,'超级管理员Admin 添加预定订单成功！','2019-09-07 09:31:38'),(427,'超级管理员Admin登录成功！','2019-09-07 10:04:23'),(428,'超级管理员Admin 添加客户信息成功！','2019-09-07 10:13:43'),(429,'超级管理员Admin 添加预定订单成功！','2019-09-07 10:15:59'),(430,'超级管理员Admin登录成功！','2019-09-07 10:41:39'),(431,'超级管理员Admin登录成功！','2019-09-07 11:09:10'),(432,'超级管理员Admin 添加客户信息成功！','2019-09-07 11:17:08'),(433,'超级管理员Admin 更新客户信息成功！','2019-09-07 11:17:17'),(434,'超级管理员Admin登录成功！','2019-09-07 11:18:10'),(435,'超级管理员Admin 添加预定订单成功！','2019-09-07 11:18:34'),(436,'超级管理员Admin登录成功！','2019-09-07 11:26:06'),(437,'超级管理员Admin 添加入住信息成功！','2019-09-07 11:26:25'),(438,'超级管理员Admin 进行退房操作成功！','2019-09-07 11:27:03'),(439,'超级管理员Admin 进行退房操作成功！','2019-09-07 11:27:06'),(440,'超级管理员Admin 进行退房操作成功！','2019-09-07 11:27:13'),(441,'超级管理员Admin 进行退房操作成功！','2019-09-07 11:27:17'),(442,'超级管理员Admin 进行退房操作成功！','2019-09-07 11:27:21'),(443,'超级管理员Admin 进行退房操作成功！','2019-09-07 11:27:23'),(444,'超级管理员Admin 进行退房操作成功！','2019-09-07 11:27:26'),(445,'超级管理员Admin 进行退房操作成功！','2019-09-07 11:27:30'),(446,'超级管理员Admin 进行退房操作成功！','2019-09-07 11:27:33'),(447,'超级管理员Admin 进行退房操作成功！','2019-09-07 11:27:37'),(448,'超级管理员Admin 进行退房操作成功！','2019-09-07 11:27:41'),(449,'超级管理员Admin 进行退房操作成功！','2019-09-07 11:27:45'),(450,'超级管理员Admin 进行退房操作成功！','2019-09-07 11:27:48'),(451,'超级管理员Admin登录成功！','2019-09-07 14:50:28'),(452,'超级管理员Admin 添加入住信息成功！','2019-09-07 14:50:51'),(453,'超级管理员Admin 进行退房操作成功！','2019-09-07 14:50:59'),(454,'客户Admin 登录前台时验证码错误!','2019-09-07 14:53:47'),(455,'客户Admin 登录前台成功','2019-09-07 14:53:53'),(456,'客户Admin 登录前台成功','2019-09-16 19:10:27'),(457,'客户Admin 更新用户信息成功！','2019-09-16 19:13:52'),(458,'客户Admin 更新用户信息成功！','2019-09-16 19:13:52'),(459,'客户Admin 更新用户信息成功！','2019-09-16 19:13:52'),(460,'客户Admin 更新用户信息成功！','2019-09-16 19:13:52'),(461,'超级管理员Admin登录成功！','2019-09-16 19:16:01'),(462,'客户Admin 登录前台成功','2019-09-16 19:32:40'),(463,'客户Admin 退出登录！','2019-09-16 19:33:22'),(464,'超级管理员Admin登录成功！','2019-09-17 15:30:30'),(465,'超级管理员Admin 更新房间信息成功！','2019-09-17 15:38:17'),(466,'超级管理员Admin 更新房间信息成功！','2019-09-17 15:38:26'),(467,'超级管理员Admin登录成功！','2019-09-17 15:47:52'),(468,'超级管理员Admin登录成功！','2019-09-18 09:42:21'),(469,'超级管理员Admin登录成功！','2019-09-18 10:15:10'),(470,'超级管理员Admin登录成功！','2019-09-18 10:26:53'),(471,'超级管理员Admin登录成功！','2019-09-18 10:29:26'),(472,'超级管理员Admin登录成功！','2019-09-19 09:45:35'),(473,'客户Admin 登录前台成功','2019-09-19 09:46:04'),(474,'客户Admin 登录前台成功','2019-09-19 10:33:36'),(475,'客户Admin 登录前台成功','2019-09-19 10:37:16'),(476,'客户Admin 登录前台成功','2019-09-19 10:41:02'),(477,'客户Admin 登录前台成功','2019-09-19 10:56:54'),(478,'客户Admin 登录前台成功','2019-09-19 10:59:24'),(479,'客户Admin 登录前台成功','2019-09-19 11:03:05'),(480,'客户Admin 登录前台成功','2019-09-19 14:39:27'),(481,'客户Admin 登录前台成功','2019-09-19 15:13:00'),(482,'客户Admin 登录前台成功','2019-09-19 15:27:40'),(483,'客户Admin 登录前台成功','2019-09-19 15:32:00'),(484,'客户Admin 登录前台成功','2019-09-19 15:55:52'),(485,'客户Admin 登录前台成功','2019-09-19 15:59:59'),(486,'客户Admin 登录前台成功','2019-09-19 16:03:45'),(487,'客户Admin 登录前台成功','2019-09-19 16:06:43'),(488,'客户Admin 登录前台成功','2019-09-19 16:10:25'),(489,'客户Admin 登录前台成功','2019-09-19 16:14:35'),(490,'客户Admin 登录前台成功','2019-09-19 16:17:03'),(491,'客户Admin 登录前台成功','2019-09-19 16:26:51'),(492,'客户Admin 登录前台时验证码错误!','2019-09-19 16:44:57'),(493,'客户Admin 登录前台时验证码错误!','2019-09-19 16:44:58'),(494,'客户Admin 登录前台成功','2019-09-19 16:45:13'),(495,'客户Admin 登录前台成功','2019-09-19 16:49:26'),(496,'客户Admin 登录前台成功','2019-09-19 17:41:27'),(497,'客户Admin 登录前台成功','2019-09-19 17:42:04'),(498,'客户Admin 登录前台成功','2019-09-19 17:44:41'),(499,'客户Admin 登录前台成功','2019-09-19 17:48:01'),(500,'客户Admin 登录前台成功','2019-09-19 17:50:47'),(501,'客户Admin 登录前台成功','2019-09-19 18:05:12'),(502,'客户Admin 登录前台成功','2019-09-19 18:06:03'),(503,'客户Admin 登录前台成功','2019-09-19 21:44:02'),(504,'客户Admin 登录前台成功','2019-09-19 21:50:47'),(505,'客户Admin 添加预定信息成功！','2019-09-19 22:22:42'),(506,'超级管理员Admin登录成功！','2019-09-19 22:23:13'),(507,'客户Admin 登录前台成功','2019-09-20 08:20:06'),(508,'客户Admin 添加预定信息成功！','2019-09-20 08:28:44'),(509,'超级管理员Admin登录成功！','2019-09-20 08:28:54'),(510,'客户Admin 登录前台成功','2019-09-20 08:48:04'),(511,'客户Admin 添加预定信息成功！','2019-09-20 08:53:05'),(512,'客户Admin 登录前台成功','2019-09-20 08:59:23'),(513,'客户Admin 添加预定信息成功！','2019-09-20 08:59:33'),(514,'客户Admin 登录前台成功','2019-09-20 09:00:58'),(515,'客户Admin 添加预定信息成功！','2019-09-20 09:02:26'),(516,'客户Admin 登录前台成功','2019-09-20 09:03:12'),(517,'客户Admin 添加预定信息成功！','2019-09-20 09:05:32'),(518,'客户Admin 登录前台成功','2019-09-20 10:00:33'),(519,'客户Admin 登录前台成功','2019-09-20 10:03:02'),(520,'客户Admin 登录前台成功','2019-09-20 10:09:13'),(521,'客户Admin 登录前台成功','2019-09-20 10:12:08'),(522,'客户Admin 登录前台成功','2019-09-20 10:15:08'),(523,'客户Admin 登录前台成功','2019-09-20 10:19:36'),(524,'客户Admin 登录前台时验证码错误!','2019-09-20 10:26:35'),(525,'客户Admin 登录前台成功','2019-09-20 10:26:45'),(526,'客户Admin 登录前台成功','2019-09-20 10:40:39'),(527,'客户Admin 登录前台成功','2019-09-20 10:48:00'),(528,'客户Admin 登录前台成功','2019-09-20 10:59:06'),(529,'客户Admin 登录前台成功','2019-09-20 11:06:39'),(530,'客户Admin 登录前台成功','2019-09-20 11:07:33'),(531,'客户Admin 登录前台成功','2019-09-20 11:10:24'),(532,'客户Admin 登录前台成功','2019-09-20 14:53:27'),(533,'客户Admin 登录前台成功','2019-09-20 15:15:18'),(534,'客户Admin 登录前台成功','2019-09-20 15:20:57'),(535,'超级管理员Admin登录成功！','2019-09-20 15:33:30'),(536,'客户Admin 登录前台成功','2019-09-20 15:33:42'),(537,'客户Admin 登录前台成功','2019-09-20 15:37:22'),(538,'客户Admin 添加预定信息成功！','2019-09-20 15:37:54'),(539,'客户Admin 登录前台成功','2019-09-20 15:48:53'),(540,'客户Admin 登录前台成功','2019-09-20 15:50:30'),(541,'客户Admin 登录前台成功','2019-09-20 15:58:12'),(542,'客户Admin 登录前台成功','2019-09-20 16:01:47'),(543,'客户Admin 登录前台成功','2019-09-20 16:10:39'),(544,'客户Admin 退出登录！','2019-09-20 16:19:26'),(545,'客户Admin 登录前台成功','2019-09-20 16:19:49'),(546,'客户Admin 登录前台成功','2019-09-20 16:32:46'),(547,'客户Admin 登录前台成功','2019-09-20 16:34:28'),(548,'客户Admin 登录前台成功','2019-09-20 16:39:40'),(549,'客户Admin 登录前台成功','2019-09-20 16:41:53'),(550,'客户Admin 登录前台时验证码错误!','2019-09-20 16:50:25'),(551,'客户Admin 登录前台成功','2019-09-20 16:50:32'),(552,'客户Admin 登录前台成功','2019-09-20 16:56:38'),(553,'客户Admin 登录前台成功','2019-09-21 08:17:31'),(554,'客户Admin 退出登录！','2019-09-21 08:35:36'),(555,'客户Admin 登录前台成功','2019-09-21 08:35:44'),(556,'客户Admin 登录前台成功','2019-09-21 09:17:25'),(557,'客户Admin 登录前台成功','2019-09-21 09:30:30'),(558,'客户Admin 登录前台成功','2019-09-21 09:36:36'),(559,'客户Admin 登录前台成功','2019-09-21 10:11:07'),(560,'客户Admin 登录前台成功','2019-09-21 10:24:28'),(561,'客户Admin 登录前台成功','2019-09-21 10:43:02'),(562,'客户Admin 登录前台成功','2019-09-21 10:44:08'),(563,'客户Admin 登录前台成功','2019-09-21 11:03:08'),(564,'客户Admin 登录前台成功','2019-09-21 11:05:25'),(565,'客户Admin 登录前台成功','2019-09-21 11:06:46'),(566,'客户Admin 登录前台成功','2019-09-21 14:26:41'),(567,'客户Admin 登录前台成功','2019-09-21 14:27:47'),(568,'客户Admin 登录前台成功','2019-09-21 14:29:29'),(569,'客户Admin 登录前台成功','2019-09-21 14:29:32'),(570,'客户Admin 登录前台成功','2019-09-21 14:30:27'),(571,'客户Admin 登录前台成功','2019-09-21 14:31:13'),(572,'客户Admin 登录前台成功','2019-09-21 14:39:25'),(573,'客户Admin 登录前台成功','2019-09-21 14:40:20'),(574,'客户Admin 登录前台成功','2019-09-21 14:43:24'),(575,'客户Admin 登录前台成功','2019-09-21 14:43:24'),(576,'客户Admin 登录前台成功','2019-09-21 15:17:13'),(577,'客户Admin 登录前台成功','2019-09-21 15:29:11'),(578,'客户Admin 登录前台成功','2019-09-21 15:50:22'),(579,'超级管理员Admin登录成功！','2019-09-21 15:53:13'),(580,'客户Admin 登录前台成功','2019-09-21 19:37:28'),(581,'客户Admin 添加预定信息成功！','2019-09-21 19:39:40'),(582,'客户Admin 登录前台成功','2019-09-21 20:10:02'),(583,'客户Admin 登录前台成功','2019-09-21 20:10:02'),(584,'客户Admin 登录前台成功','2019-09-21 20:25:44'),(585,'客户Admin 登录前台成功','2019-09-21 20:35:29'),(586,'客户Admin 登录前台成功','2019-09-21 20:46:16'),(587,'客户Admin 登录前台成功','2019-09-21 20:46:17'),(588,'客户Admin 登录前台成功','2019-09-21 20:47:55'),(589,'客户Admin 登录前台成功','2019-09-21 20:49:55'),(590,'客户Admin 登录前台成功','2019-09-21 20:53:22'),(591,'客户Admin 登录前台成功','2019-09-21 20:55:59'),(592,'客户Admin 登录前台成功','2019-09-21 21:21:19'),(593,'客户Admin 添加预定信息成功！','2019-09-21 21:21:44'),(594,'客户Admin 登录前台成功','2019-09-21 21:25:46'),(595,'客户Admin 添加预定信息成功！','2019-09-21 21:26:09'),(596,'客户Admin 登录前台成功','2019-09-22 08:16:42'),(597,'客户Admin 添加预定信息成功！','2019-09-22 08:23:34'),(598,'客户Admin 添加预定信息成功！','2019-09-22 08:48:43'),(599,'超级管理员Admin登录成功！','2019-09-22 10:09:10'),(600,'超级管理员Admin 更新预定订单信息成功！','2019-09-22 10:09:43'),(601,'客户Admin 登录前台成功','2019-09-22 14:16:26'),(602,'客户Admin 登录前台成功','2019-09-22 14:32:53'),(603,'超级管理员Admin登录成功！','2019-09-22 14:33:08'),(604,'超级管理员Admin 添加预定订单成功！','2019-09-22 14:43:06'),(605,'超级管理员Admin登录成功！','2019-09-22 14:52:21'),(606,'超级管理员Admin登录成功！','2019-09-22 15:06:26'),(607,'超级管理员Admin登录成功！','2019-09-22 15:08:07'),(608,'超级管理员Admin登录成功！','2019-09-22 15:11:43'),(609,'超级管理员Admin 添加预定订单成功！','2019-09-22 15:15:03'),(610,'超级管理员Admin登录成功！','2019-09-22 15:35:19'),(611,'超级管理员Admin 添加预定订单成功！','2019-09-22 15:36:45'),(612,'客户Admin 登录前台成功','2019-09-22 15:42:49'),(613,'客户Admin 登录前台成功','2019-09-22 16:20:30'),(614,'客户Admin 添加预定信息成功！','2019-09-22 16:31:11'),(615,'客户Admin 登录前台成功','2019-09-22 16:31:40'),(616,'客户Admin 添加预定信息成功！','2019-09-22 16:32:36'),(617,'客户Admin 添加预定信息成功！','2019-09-22 16:32:54'),(618,'客户Admin 添加预定信息成功！','2019-09-22 16:32:56'),(619,'客户Admin 登录前台时验证码错误!','2019-09-22 19:51:49'),(620,'客户Admin 登录前台成功','2019-09-22 19:51:55'),(621,'客户Admin 添加预定信息成功！','2019-09-22 19:52:56'),(622,'客户Admin删除订单成功！','2019-09-22 19:53:26'),(623,'客户Admin删除订单成功！','2019-09-22 19:53:29'),(624,'客户Admin删除订单成功！','2019-09-22 19:53:32'),(625,'客户Admin删除订单成功！','2019-09-22 19:53:34'),(626,'客户Admin 退出登录！','2019-09-22 20:10:37'),(627,'客户Admin 登录前台成功','2019-09-22 20:24:42'),(628,'客户Admin 登录前台成功','2019-09-22 20:25:28'),(629,'客户Admin 登录前台成功','2019-09-22 20:27:11'),(630,'客户Admin 登录前台成功','2019-09-22 20:33:33'),(631,'客户Admin 登录前台成功','2019-09-22 20:39:59'),(632,'客户Admin 登录前台成功','2019-09-22 20:41:41'),(633,'客户Admin 登录前台成功','2019-09-22 20:50:55'),(634,'客户Admin 登录前台成功','2019-09-22 20:55:42'),(635,'用户Admin输入验证码错误！','2019-09-24 10:32:13'),(636,'超级管理员Admin登录成功！','2019-09-24 10:32:20'),(637,'用户Admin输入验证码错误！','2019-09-24 10:37:00'),(638,'超级管理员Admin登录成功！','2019-09-24 10:37:09'),(639,'超级管理员Admin登录成功！','2019-09-24 10:38:55'),(640,'超级管理员Admin登录成功！','2019-09-24 11:42:43'),(641,'超级管理员Admin登录成功！','2019-09-24 11:44:37'),(642,'超级管理员Admin登录成功！','2019-09-24 11:49:54'),(643,'超级管理员Admin登录成功！','2019-09-24 11:50:49'),(644,'超级管理员Admin登录成功！','2019-09-24 12:03:35'),(645,'超级管理员Admin登录成功！','2019-09-24 12:07:31'),(646,'超级管理员Admin登录成功！','2019-09-24 12:09:58'),(647,'超级管理员Admin登录成功！','2019-09-24 14:33:30'),(648,'超级管理员Admin登录成功！','2019-09-24 14:46:10'),(649,'超级管理员Admin登录成功！','2019-09-24 14:53:45'),(650,'超级管理员Admin登录成功！','2019-09-24 14:58:18'),(651,'超级管理员Admin登录成功！','2019-09-24 14:59:19'),(652,'超级管理员Admin登录成功！','2019-09-24 15:05:23'),(653,'超级管理员Admin登录成功！','2019-09-24 15:06:31'),(654,'超级管理员Admin登录成功！','2019-09-24 16:15:50'),(655,'超级管理员Admin登录成功！','2019-09-24 16:47:33'),(656,'客户Admin 登录前台成功','2019-09-24 16:48:30'),(657,'客户Admin 添加预定信息成功！','2019-09-24 16:48:42'),(658,'超级管理员Admin登录成功！','2019-09-24 17:06:37'),(659,'超级管理员Admin登录成功！','2019-09-24 17:17:49'),(660,'超级管理员Admin登录成功！','2019-09-24 17:19:34'),(661,'超级管理员Admin登录成功！','2019-09-24 17:35:40'),(662,'超级管理员Admin登录成功！','2019-09-24 21:32:02'),(663,'超级管理员Admin登录成功！','2019-09-24 21:33:11'),(664,'超级管理员Admin登录成功！','2019-09-24 21:56:53'),(665,'超级管理员Admin登录成功！','2019-09-24 22:00:02'),(666,'超级管理员Admin登录成功！','2019-09-24 22:03:32'),(667,'超级管理员Admin登录成功！','2019-09-24 22:26:55'),(668,'超级管理员Admin登录成功！','2019-09-24 22:30:32'),(669,'超级管理员Admin登录成功！','2019-09-24 22:31:23'),(670,'超级管理员Admin 添加楼层信息成功！','2019-09-24 22:32:07'),(671,'超级管理员Admin 更新楼层信息成功！','2019-09-24 22:32:19'),(672,'超级管理员Admin 删除楼层信息成功！','2019-09-24 22:32:24'),(673,'超级管理员Admin 添加楼层信息成功！','2019-09-24 22:38:43'),(674,'超级管理员Admin登录成功！','2019-09-25 08:32:31'),(675,'超级管理员Admin登录成功！','2019-09-25 09:08:57'),(676,'超级管理员Admin登录成功！','2019-09-25 09:10:15'),(677,'超级管理员Admin 修改房型信息成功！','2019-09-25 09:13:56'),(678,'超级管理员Admin 修改房型信息成功！','2019-09-25 09:14:15'),(679,'超级管理员Admin 修改房型信息成功！','2019-09-25 09:14:28'),(680,'超级管理员Admin 修改房型信息成功！','2019-09-25 09:14:42'),(681,'超级管理员Admin 添加房型信息成功！','2019-09-25 09:25:39'),(682,'超级管理员Admin 修改房型信息成功！','2019-09-25 09:25:53'),(683,'超级管理员Admin登录成功！','2019-09-25 09:35:21'),(684,'超级管理员Admin 修改房型信息成功！','2019-09-25 09:35:43'),(685,'超级管理员Admin 删除房型信息成功！','2019-09-25 09:37:45'),(686,'超级管理员Admin 添加房型信息成功！','2019-09-25 09:38:26'),(687,'超级管理员Admin 修改房型信息成功！','2019-09-25 09:38:37'),(688,'超级管理员Admin 修改房型信息成功！','2019-09-25 09:45:13'),(689,'超级管理员Admin登录成功！','2019-09-25 14:29:24'),(690,'超级管理员Admin登录成功！','2019-09-25 14:31:39'),(691,'超级管理员Admin登录成功！','2019-09-25 14:35:27'),(692,'超级管理员Admin登录成功！','2019-09-25 14:43:49'),(693,'超级管理员Admin登录成功！','2019-09-25 15:10:53'),(694,'超级管理员Admin 更新房间信息成功！','2019-09-25 15:11:39'),(695,'超级管理员Admin 删除房间信息成功！','2019-09-25 15:11:41'),(696,'超级管理员Admin登录成功！','2019-09-25 15:29:37'),(697,'超级管理员Admin 添加客户信息成功！','2019-09-25 15:30:18'),(698,'超级管理员Admin 添加客户信息成功！','2019-09-25 15:31:01'),(699,'超级管理员Admin登录成功！','2019-09-25 15:40:34'),(700,'超级管理员Admin 添加客户信息成功！','2019-09-25 15:41:32'),(701,'超级管理员Admin 更新客户信息成功！','2019-09-25 15:41:56'),(702,'超级管理员Admin登录成功！','2019-09-25 16:11:25'),(703,'超级管理员Admin登录成功！','2019-09-25 16:20:06'),(704,'超级管理员Admin登录成功！','2019-09-25 16:21:18'),(705,'超级管理员Admin登录成功！','2019-09-25 16:24:54'),(706,'超级管理员Admin登录成功！','2019-09-25 17:02:06'),(707,'超级管理员Admin登录成功！','2019-09-25 17:05:26'),(708,'超级管理员Admin登录成功！','2019-09-25 17:07:09'),(709,'用户Admin输入验证码错误！','2019-09-26 08:49:32'),(710,'超级管理员Admin登录成功！','2019-09-26 08:49:40'),(711,'超级管理员Admin登录成功！','2019-09-26 08:56:36'),(712,'超级管理员Admin登录成功！','2019-09-26 09:03:15'),(713,'超级管理员Admin登录成功！','2019-09-26 09:52:39'),(714,'超级管理员Admin 添加预定订单成功！','2019-09-26 09:53:30'),(715,'超级管理员Admin 更新预定订单信息成功！','2019-09-26 09:59:06'),(716,'超级管理员Admin登录成功！','2019-09-26 10:36:46'),(717,'超级管理员Admin登录成功！','2019-09-26 10:46:03'),(718,'超级管理员Admin登录成功！','2019-09-26 14:35:26'),(719,'超级管理员Admin登录成功！','2019-09-26 14:37:22'),(720,'超级管理员Admin登录成功！','2019-09-26 14:48:30'),(721,'超级管理员Admin 添加入住信息成功！','2019-09-26 14:50:29'),(722,'超级管理员Admin 添加入住信息成功！','2019-09-26 14:51:36'),(723,'超级管理员Admin登录成功！','2019-09-26 15:11:21'),(724,'超级管理员Admin 更新入住信息成功!','2019-09-26 15:12:55'),(725,'超级管理员Admin登录成功！','2019-09-26 15:22:30'),(726,'超级管理员Admin 进行退房操作成功！','2019-09-26 15:23:01'),(727,'超级管理员Admin 更新房间信息成功！','2019-09-26 15:28:55'),(728,'超级管理员Admin 更新房间信息成功！','2019-09-26 15:29:09'),(729,'超级管理员Admin 进行退房操作成功！','2019-09-26 15:36:16'),(730,'超级管理员Admin 添加入住信息成功！','2019-09-26 15:37:27'),(731,'超级管理员Admin 进行退房操作成功！','2019-09-26 15:42:38'),(732,'超级管理员Admin登录成功！','2019-09-26 15:53:33'),(733,'超级管理员Admin 添加预定订单成功！','2019-09-26 15:54:45'),(734,'超级管理员Admin 添加入住信息成功！','2019-09-26 15:55:22'),(735,'超级管理员Admin 进行退房操作成功！','2019-09-26 15:55:51'),(736,'超级管理员Admin登录成功！','2019-09-26 16:06:02'),(737,'超级管理员Admin 添加预定订单成功！','2019-09-26 16:06:45'),(738,'超级管理员Admin 更新客户信息成功！','2019-09-26 16:07:20'),(739,'超级管理员Admin 添加入住信息成功！','2019-09-26 16:08:36'),(740,'超级管理员Admin 进行退房操作成功！','2019-09-26 16:09:16'),(741,'超级管理员Admin登录成功！','2019-09-26 16:13:10'),(742,'超级管理员Admin 添加预定订单成功！','2019-09-26 16:13:44'),(743,'超级管理员Admin登录成功！','2019-09-26 16:17:24'),(744,'超级管理员Admin 更新预定订单信息成功！','2019-09-26 16:18:07'),(745,'超级管理员Admin登录成功！','2019-09-26 16:29:23'),(746,'超级管理员Admin 更新预定订单信息成功！','2019-09-26 16:33:25'),(747,'超级管理员Admin 更新预定订单信息成功！','2019-09-26 16:51:47'),(748,'超级管理员Admin登录成功！','2019-09-26 16:52:14'),(749,'超级管理员Admin 添加预定订单成功！','2019-09-26 16:53:15'),(750,'超级管理员Admin 更新预定订单信息成功！','2019-09-26 16:55:14'),(751,'超级管理员Admin 添加入住信息成功！','2019-09-26 16:56:00'),(752,'超级管理员Admin 进行退房操作成功！','2019-09-26 16:56:21'),(753,'超级管理员Admin登录成功！','2019-09-26 18:40:11'),(754,'超级管理员Admin登录成功！','2019-09-26 19:01:28'),(755,'超级管理员Admin登录成功！','2019-09-26 19:07:07'),(756,'超级管理员Admin登录成功！','2019-09-26 19:52:12'),(757,'超级管理员Admin登录成功！','2019-09-26 19:54:52'),(758,'超级管理员Admin登录成功！','2019-09-26 19:58:11'),(759,'超级管理员Admin登录成功！','2019-09-27 10:51:26'),(760,'超级管理员Admin登录成功！','2019-09-27 21:30:30'),(761,'超级管理员Admin登录成功！','2019-09-27 21:31:49'),(762,'客户Admin 登录前台成功','2019-09-27 21:32:04'),(763,'客户Admin 登录前台成功','2019-09-27 21:34:34'),(764,'客户Admin 登录前台成功','2019-09-27 21:42:40'),(765,'客户Admin 登录前台成功','2019-09-27 21:42:40'),(766,'客户Admin 登录前台成功','2019-09-27 21:45:04'),(767,'客户Admin 登录前台成功','2019-09-27 21:50:24'),(768,'客户Admin 登录前台成功','2019-09-27 21:52:51'),(769,'客户Admin 登录前台成功','2019-09-28 08:53:05'),(770,'客户Admin 登录前台成功','2019-09-28 08:53:05'),(771,'客户Admin 登录前台成功','2019-09-28 09:41:37'),(772,'客户Admin 登录前台成功','2019-09-28 09:42:27'),(773,'客户Admin 登录前台成功','2019-09-28 09:45:36'),(774,'客户Admin 登录前台成功','2019-09-28 09:45:36'),(775,'客户Admin 登录前台成功','2019-09-28 10:16:52'),(776,'客户Admin 登录前台成功','2019-09-28 10:16:52'),(777,'超级管理员Admin登录成功！','2019-09-28 10:17:55'),(778,'客户Admin 登录前台成功','2019-09-28 10:18:10'),(779,'超级管理员Admin登录成功！','2019-09-28 10:30:10'),(780,'客户Admin 登录前台成功','2019-09-28 10:30:20'),(781,'客户Admin 登录前台成功','2019-09-28 10:31:41'),(782,'客户Admin 登录前台成功','2019-09-28 10:34:56'),(783,'客户Admin 登录前台成功','2019-09-28 10:36:38'),(784,'客户Admin 登录前台时验证码错误!','2019-09-28 10:40:38'),(785,'客户Admin 登录前台成功','2019-09-28 10:40:47'),(786,'客户Admin 登录前台成功','2019-09-28 10:43:06'),(787,'客户Admin 登录前台成功','2019-09-28 10:44:26'),(788,'客户Admin 登录前台成功','2019-09-28 10:57:02'),(789,'客户Admin 添加预定信息成功！','2019-09-28 10:57:16'),(790,'客户Admin 登录前台成功','2019-09-28 11:11:04'),(791,'客户Admin 登录前台成功','2019-09-28 11:13:14'),(792,'客户Admin删除订单成功！','2019-09-28 11:17:41'),(793,'客户Admin删除订单成功！','2019-09-28 11:17:48'),(794,'客户Admin 登录前台成功','2019-09-28 11:20:52'),(795,'客户Admin 添加预定信息成功！','2019-09-28 11:21:02'),(796,'客户Admin删除订单成功！','2019-09-28 11:21:06'),(797,'客户Admin 登录前台时验证码错误!','2019-09-28 11:30:01'),(798,'客户Admin 登录前台时验证码错误!','2019-09-28 11:30:17'),(799,'客户Admin 登录前台时验证码错误!','2019-09-28 14:37:20'),(800,'客户Admin 登录前台成功','2019-09-28 14:37:31'),(801,'超级管理员Admin登录成功！','2019-09-28 14:38:29'),(802,'客户Admin 登录前台成功','2019-09-28 14:38:39'),(803,'客户Admin 添加预定信息成功！','2019-09-28 14:39:24'),(804,'客户Admin删除订单成功！','2019-09-28 14:39:40'),(805,'超级管理员Admin登录成功！','2019-09-28 14:50:04'),(806,'客户Admin 登录前台成功','2019-09-28 14:50:13'),(807,'客户Admin 添加预定信息成功！','2019-09-28 15:00:16'),(808,'客户Admin 登录前台成功','2019-09-28 15:00:44'),(809,'客户Admin 添加预定信息成功！','2019-09-28 15:01:33'),(810,'客户Admin删除订单成功！','2019-09-28 15:01:50'),(811,'客户Admin删除订单成功！','2019-09-28 15:01:53'),(812,'客户Admin 添加预定信息成功！','2019-09-28 15:13:08'),(813,'超级管理员Admin登录成功！','2019-09-28 15:13:41'),(814,'客户Admin 登录前台成功','2019-09-28 15:13:52'),(815,'客户Admin 添加预定信息成功！','2019-09-28 15:15:36'),(816,'客户Admin 登录前台成功','2019-09-28 15:16:43'),(817,'客户Admin 添加预定信息成功！','2019-09-28 15:20:03'),(818,'客户Admin 登录前台成功','2019-09-28 15:20:26'),(819,'客户Admin 添加预定信息成功！','2019-09-28 15:21:05'),(820,'客户Admin删除订单成功！','2019-09-28 15:21:13'),(821,'客户Admin删除订单成功！','2019-09-28 15:21:17'),(822,'客户Admin删除订单成功！','2019-09-28 15:21:21'),(823,'客户Admin 更新用户信息成功！','2019-09-28 15:22:13'),(824,'客户Admin 更新用户信息成功！','2019-09-28 15:23:06'),(825,'超级管理员Admin登录成功！','2019-09-28 15:23:42'),(826,'客户Admin 登录前台成功','2019-09-28 15:23:51'),(827,'客户Admin 更新用户信息成功！','2019-09-28 15:24:04'),(828,'客户Admin 添加预定信息成功！','2019-09-28 15:24:49'),(829,'超级管理员Admin登录成功！','2019-09-28 15:25:03'),(830,'超级管理员Admin 添加入住信息成功！','2019-09-28 15:25:32'),(831,'客户Admin 登录前台成功','2019-09-28 15:26:54'),(832,'客户Admin退出登录！','2019-09-28 15:27:00'),(833,'客户Admin 登录前台成功','2019-09-28 15:50:24'),(834,'客户Admin 登录前台时验证码错误!','2019-09-28 16:14:52'),(835,'客户Admin 登录前台时验证码错误!','2019-09-28 16:14:54'),(836,'客户Admin 登录前台时验证码错误!','2019-09-28 16:15:40'),(837,'客户Admin 登录前台时验证码错误!','2019-09-28 16:15:42'),(838,'客户Admin 登录前台时验证码错误!','2019-09-28 16:15:43'),(839,'客户Admin 登录前台时验证码错误!','2019-09-28 16:15:44'),(840,'客户Admin 登录前台时验证码错误!','2019-09-28 16:15:45'),(841,'客户Admin 登录前台时验证码错误!','2019-09-28 16:15:46'),(842,'客户Admin 登录前台时验证码错误!','2019-09-28 16:15:46'),(843,'客户Admin 登录前台时验证码错误!','2019-09-28 16:15:47'),(844,'客户Admin 登录前台时验证码错误!','2019-09-28 16:16:02'),(845,'客户Admin 登录前台时验证码错误!','2019-09-28 16:16:54'),(846,'客户 注册成功！','2019-09-28 16:18:33'),(847,'客户Admin 登录前台成功','2019-09-28 16:23:53'),(848,'客户Admin退出登录！','2019-09-28 16:23:58'),(849,'超级管理员Admin登录成功！','2019-09-28 17:27:48'),(850,'超级管理员Admin登录成功！','2019-09-28 17:42:28'),(851,'客户Adminjh 登录前台时验证码错误!','2019-09-28 22:32:33'),(852,'客户Admingfdg 登录前台时验证码错误!','2019-09-28 22:35:08'),(853,'客户tomalen 注册成功！','2019-09-28 22:48:38'),(854,'客户toanafke 注册成功！','2019-09-29 08:16:28'),(855,'客户 注册成功！','2019-09-29 08:19:59'),(856,'客户Adminff 注册成功！','2019-09-29 08:26:32'),(857,'客户Admin 登录前台成功','2019-09-29 08:33:24'),(858,'客户Admin 登录前台成功','2019-09-29 08:43:14'),(859,'客户Admin退出登录！','2019-09-29 08:50:23'),(860,'客户Admin 登录前台成功','2019-09-29 09:10:02'),(861,'客户Admin退出登录！','2019-09-29 09:52:19'),(862,'客户Admin 登录前台成功','2019-09-29 09:52:25'),(863,'客户Admin退出登录！','2019-09-29 10:02:17'),(864,'客户Admin 登录前台时验证码错误!','2019-09-29 10:04:28'),(865,'客户Admin 登录前台成功','2019-09-29 10:04:34'),(866,'客户Admin 登录前台成功','2019-09-29 10:25:25'),(867,'客户Admin 登录前台成功','2019-09-29 10:36:24'),(868,'客户Admin删除订单成功！','2019-09-29 10:41:46'),(869,'客户Admin 添加预定信息成功！','2019-09-29 10:43:54'),(870,'客户Admin删除订单成功！','2019-09-29 10:44:09'),(871,'客户Admin退出登录！','2019-09-29 11:19:33'),(872,'客户Admin 登录前台成功','2019-09-29 11:19:39'),(873,'客户Admin退出登录！','2019-09-29 11:19:56'),(874,'客户Admin 登录前台成功','2019-09-29 14:29:39'),(875,'客户Admin 登录前台成功','2019-09-29 15:48:29'),(876,'超级管理员Admin登录成功！','2019-09-29 16:03:08'),(877,'客户Admin 登录前台成功','2019-09-29 16:06:15'),(878,'超级管理员Admin登录成功！','2019-09-29 16:29:33'),(879,'客户Admin 登录前台成功','2019-09-29 16:29:41'),(880,'客户Admin 登录前台成功','2019-09-29 16:51:25'),(881,'客户Admin 登录前台成功','2019-09-29 16:55:44'),(882,'客户Admin 登录前台成功','2019-09-29 16:56:44'),(883,'客户Admin 登录前台成功','2019-09-29 20:43:25'),(884,'客户Admin 登录前台成功','2019-09-29 20:53:22'),(885,'客户Admin 登录前台成功','2019-09-29 21:00:01'),(886,'客户Admin 更新用户信息成功！','2019-09-29 21:13:13'),(887,'客户Admin 更新用户信息成功！','2019-09-29 21:13:16'),(888,'客户Admin 更新用户信息成功！','2019-09-29 21:20:35'),(889,'客户Admin 更新用户信息成功！','2019-09-29 21:20:35'),(890,'客户Admin 更新用户信息成功！','2019-09-29 21:20:35'),(891,'客户Admin 更新用户信息成功！','2019-09-29 21:20:35'),(892,'客户Admin 更新用户信息成功！','2019-09-29 21:20:35'),(893,'客户Admin 更新用户信息成功！','2019-09-29 21:20:35'),(894,'客户Admin 更新用户信息成功！','2019-09-29 21:20:35'),(895,'客户Admin 更新用户信息成功！','2019-09-29 21:20:35'),(896,'客户Admin 更新用户信息成功！','2019-09-29 21:20:35'),(897,'客户Admin 更新用户信息成功！','2019-09-29 21:20:35'),(898,'客户Admin 更新用户信息成功！','2019-09-29 21:20:35'),(899,'客户Admin 更新用户信息成功！','2019-09-29 21:20:36'),(900,'客户Admin 更新用户信息成功！','2019-09-29 21:20:36'),(901,'客户Admin 更新用户信息成功！','2019-09-29 21:20:36'),(902,'客户Admin 更新用户信息成功！','2019-09-29 21:20:36'),(903,'客户Admin 更新用户信息成功！','2019-09-29 21:20:38'),(904,'客户Admin 更新用户信息成功！','2019-09-29 21:20:38'),(905,'客户Admin 更新用户信息成功！','2019-09-29 21:20:38'),(906,'客户Admin 更新用户信息成功！','2019-09-29 21:20:38'),(907,'客户Admin 更新用户信息成功！','2019-09-29 21:20:38'),(908,'客户Admin 更新用户信息成功！','2019-09-29 21:20:38'),(909,'客户Admin 更新用户信息成功！','2019-09-29 21:20:38'),(910,'客户Admin 更新用户信息成功！','2019-09-29 21:20:38'),(911,'客户Admin 更新用户信息成功！','2019-09-29 21:20:38'),(912,'客户Admin 更新用户信息成功！','2019-09-29 21:20:38'),(913,'客户Admin 更新用户信息成功！','2019-09-29 21:20:38'),(914,'客户Admin 更新用户信息成功！','2019-09-29 21:20:38'),(915,'客户Admin 更新用户信息成功！','2019-09-29 21:20:38'),(916,'客户Admin 更新用户信息成功！','2019-09-29 21:20:38'),(917,'客户Admin 更新用户信息成功！','2019-09-29 21:20:38'),(918,'客户Admin 更新用户信息成功！','2019-09-29 21:21:06'),(919,'客户Admin 更新用户信息成功！','2019-09-29 21:21:06'),(920,'客户Admin 更新用户信息成功！','2019-09-29 21:21:06'),(921,'客户Admin 更新用户信息成功！','2019-09-29 21:21:06'),(922,'客户Admin 更新用户信息成功！','2019-09-29 21:21:06'),(923,'客户Admin 更新用户信息成功！','2019-09-29 21:21:06'),(924,'客户Admin 更新用户信息成功！','2019-09-29 21:21:06'),(925,'客户Admin 更新用户信息成功！','2019-09-29 21:21:06'),(926,'客户Admin 更新用户信息成功！','2019-09-29 21:21:06'),(927,'客户Admin 更新用户信息成功！','2019-09-29 21:21:06'),(928,'客户Admin 更新用户信息成功！','2019-09-29 21:21:06'),(929,'客户Admin 更新用户信息成功！','2019-09-29 21:21:06'),(930,'客户Admin 更新用户信息成功！','2019-09-29 21:21:06'),(931,'客户Admin 更新用户信息成功！','2019-09-29 21:21:06'),(932,'客户Admin 更新用户信息成功！','2019-09-29 21:21:06'),(933,'客户Admin 更新用户信息成功！','2019-09-29 21:21:49'),(934,'客户Admin 更新用户信息成功！','2019-09-29 21:49:38'),(935,'客户Admin 更新用户信息成功！','2019-09-29 21:49:38'),(936,'客户Admin 更新用户信息成功！','2019-09-29 21:49:38'),(937,'客户Admin 更新用户信息成功！','2019-09-29 21:49:38'),(938,'客户Admin 更新用户信息成功！','2019-09-29 21:49:38'),(939,'客户Admin 更新用户信息成功！','2019-09-29 21:49:38'),(940,'客户Admin 更新用户信息成功！','2019-09-29 21:54:51'),(941,'客户Admin 更新用户信息成功！','2019-09-29 21:54:55'),(942,'客户Admin 更新用户信息成功！','2019-09-29 21:55:00'),(943,'客户Admin 更新用户信息成功！','2019-09-29 21:57:57'),(944,'客户Admin 更新用户信息成功！','2019-09-29 22:02:22'),(945,'客户Admin 更新用户信息成功！','2019-09-29 22:02:22'),(946,'客户Admin 更新用户信息成功！','2019-09-29 22:02:22'),(947,'客户Admin 更新用户信息成功！','2019-09-29 22:02:22'),(948,'客户Admin 更新用户信息成功！','2019-09-29 22:02:22'),(949,'客户Admin 更新用户信息成功！','2019-09-29 22:02:22'),(950,'客户Admin 更新用户信息成功！','2019-09-29 22:02:22'),(951,'客户Admin 更新用户信息成功！','2019-09-29 22:02:22'),(952,'客户Admin 更新用户信息成功！','2019-09-29 22:02:22'),(953,'客户Admin 更新用户信息成功！','2019-09-29 22:02:22'),(954,'客户Admin 更新用户信息成功！','2019-09-29 22:02:22'),(955,'客户Admin 更新用户信息成功！','2019-09-29 22:03:20'),(956,'客户Admin 更新用户信息成功！','2019-09-29 22:03:27'),(957,'客户Admin 更新用户信息成功！','2019-09-29 22:03:40'),(958,'客户Admin 更新用户信息成功！','2019-09-29 22:05:24'),(959,'客户Admin 更新用户信息成功！','2019-09-29 22:05:24'),(960,'客户Admin 更新用户信息成功！','2019-09-29 22:05:24'),(961,'客户Admin 更新用户信息成功！','2019-09-29 22:05:24'),(962,'客户Admin 更新用户信息成功！','2019-09-29 22:05:24'),(963,'客户Admin 更新用户信息成功！','2019-09-29 22:05:24'),(964,'客户Admin 更新用户信息成功！','2019-09-29 22:05:24'),(965,'客户Admin 更新用户信息成功！','2019-09-29 22:05:53'),(966,'客户Admin 更新用户信息成功！','2019-09-29 22:05:56'),(967,'客户Admin 更新用户信息成功！','2019-09-29 22:07:24'),(968,'客户Admin 登录前台成功','2019-09-30 08:38:22'),(969,'客户Admin 更新用户信息成功！','2019-09-30 08:38:40'),(970,'客户Admin 更新用户信息成功！','2019-09-30 08:39:33'),(971,'客户Admin 更新用户信息成功！','2019-09-30 08:43:31'),(972,'客户Admin 更新用户信息成功！','2019-09-30 08:44:12'),(973,'客户Admin 更新用户信息成功！','2019-09-30 08:45:02'),(974,'客户Admin 更新用户信息成功！','2019-09-30 08:45:18'),(975,'客户Admin 更新用户信息成功！','2019-09-30 08:45:18'),(976,'客户Admin 更新用户信息成功！','2019-09-30 08:45:18'),(977,'客户Admin 更新用户信息成功！','2019-09-30 08:45:18'),(978,'客户Admin 更新用户信息成功！','2019-09-30 08:45:18'),(979,'客户Admin 更新用户信息成功！','2019-09-30 08:45:18'),(980,'客户Admin 更新用户信息成功！','2019-09-30 08:45:18'),(981,'客户Admin 更新用户信息成功！','2019-09-30 08:45:18'),(982,'客户Admin 更新用户信息成功！','2019-09-30 08:45:18'),(983,'客户Admin 更新用户信息成功！','2019-09-30 08:45:18'),(984,'客户Admin 更新用户信息成功！','2019-09-30 08:45:20'),(985,'客户Admin 更新用户信息成功！','2019-09-30 08:45:20'),(986,'客户Admin 更新用户信息成功！','2019-09-30 08:45:20'),(987,'客户Admin 更新用户信息成功！','2019-09-30 08:45:20'),(988,'客户Admin 更新用户信息成功！','2019-09-30 08:45:20'),(989,'客户Admin 更新用户信息成功！','2019-09-30 08:45:20'),(990,'客户Admin 更新用户信息成功！','2019-09-30 08:45:20'),(991,'客户Admin 更新用户信息成功！','2019-09-30 08:45:20'),(992,'客户Admin 更新用户信息成功！','2019-09-30 08:45:20'),(993,'客户Admin 更新用户信息成功！','2019-09-30 08:45:20'),(994,'客户Admin 更新用户信息成功！','2019-09-30 08:45:21'),(995,'客户Admin 更新用户信息成功！','2019-09-30 08:45:21'),(996,'客户Admin 更新用户信息成功！','2019-09-30 08:45:21'),(997,'客户Admin 更新用户信息成功！','2019-09-30 08:45:21'),(998,'客户Admin 更新用户信息成功！','2019-09-30 08:45:21'),(999,'客户Admin 更新用户信息成功！','2019-09-30 08:45:21'),(1000,'客户Admin 更新用户信息成功！','2019-09-30 08:45:21'),(1001,'客户Admin 更新用户信息成功！','2019-09-30 08:45:21'),(1002,'客户Admin 更新用户信息成功！','2019-09-30 08:45:21'),(1003,'客户Admin 更新用户信息成功！','2019-09-30 08:45:21'),(1004,'客户Admin 更新用户信息成功！','2019-09-30 08:45:22'),(1005,'客户Admin 更新用户信息成功！','2019-09-30 08:45:22'),(1006,'客户Admin 更新用户信息成功！','2019-09-30 08:45:22'),(1007,'客户Admin 更新用户信息成功！','2019-09-30 08:45:22'),(1008,'客户Admin 更新用户信息成功！','2019-09-30 08:45:22'),(1009,'客户Admin 更新用户信息成功！','2019-09-30 08:45:22'),(1010,'客户Admin 更新用户信息成功！','2019-09-30 08:45:22'),(1011,'客户Admin 更新用户信息成功！','2019-09-30 08:45:22'),(1012,'客户Admin 更新用户信息成功！','2019-09-30 08:45:22'),(1013,'客户Admin 更新用户信息成功！','2019-09-30 08:45:22'),(1014,'客户Admin 更新用户信息成功！','2019-09-30 08:45:23'),(1015,'客户Admin 更新用户信息成功！','2019-09-30 08:45:23'),(1016,'客户Admin 更新用户信息成功！','2019-09-30 08:45:23'),(1017,'客户Admin 更新用户信息成功！','2019-09-30 08:45:23'),(1018,'客户Admin 更新用户信息成功！','2019-09-30 08:45:23'),(1019,'客户Admin 更新用户信息成功！','2019-09-30 08:45:23'),(1020,'客户Admin 更新用户信息成功！','2019-09-30 08:45:23'),(1021,'客户Admin 更新用户信息成功！','2019-09-30 08:45:23'),(1022,'客户Admin 更新用户信息成功！','2019-09-30 08:45:23'),(1023,'客户Admin 更新用户信息成功！','2019-09-30 08:45:23'),(1024,'客户Admin 更新用户信息成功！','2019-09-30 08:46:23'),(1025,'客户Admin 更新用户信息成功！','2019-09-30 08:46:26'),(1026,'客户Admin 更新用户信息成功！','2019-09-30 08:46:27'),(1027,'客户Admin 更新用户信息成功！','2019-09-30 08:46:27'),(1028,'客户Admin 更新用户信息成功！','2019-09-30 08:46:28'),(1029,'客户Admin 更新用户信息成功！','2019-09-30 08:46:28'),(1030,'客户Admin 更新用户信息成功！','2019-09-30 08:46:29'),(1031,'客户Admin 更新用户信息成功！','2019-09-30 08:46:29'),(1032,'客户Admin 更新用户信息成功！','2019-09-30 08:46:30'),(1033,'客户Admin 更新用户信息成功！','2019-09-30 08:46:31'),(1034,'客户Admin 更新用户信息成功！','2019-09-30 08:48:19'),(1035,'客户Admin 更新用户信息成功！','2019-09-30 08:49:39'),(1036,'客户Admin 更新用户信息成功！','2019-09-30 08:49:46'),(1037,'客户Admin 更新用户信息成功！','2019-09-30 08:49:51'),(1038,'客户Admin 更新用户信息成功！','2019-09-30 08:49:59'),(1039,'客户Admin 更新用户信息成功！','2019-09-30 08:50:00'),(1040,'客户Admin 更新用户信息成功！','2019-09-30 08:50:03'),(1041,'客户Admin 更新用户信息成功！','2019-09-30 08:55:09'),(1042,'客户Admin 更新用户信息成功！','2019-09-30 08:55:14'),(1043,'客户Admin 更新用户信息成功！','2019-09-30 08:55:16'),(1044,'客户Admin 更新用户信息成功！','2019-09-30 08:55:58'),(1045,'客户Admin 更新用户信息成功！','2019-09-30 08:56:46'),(1046,'客户Admin 更新用户信息成功！','2019-09-30 08:56:55'),(1047,'客户Admin 更新用户信息成功！','2019-09-30 08:56:55'),(1048,'客户Admin 更新用户信息成功！','2019-09-30 08:56:55'),(1049,'客户Admin 更新密码成功!','2019-09-30 09:11:13'),(1050,'客户Admin 更新密码成功!','2019-09-30 09:12:45'),(1051,'客户Admin 更新密码成功!','2019-09-30 09:14:39'),(1052,'客户Admin 更新用户信息成功！','2019-09-30 09:15:31'),(1053,'客户Admin 更新密码成功!','2019-09-30 09:21:29'),(1054,'客户Admin 更新用户信息成功！','2019-09-30 09:21:34'),(1055,'客户Admin 更新用户信息成功！','2019-09-30 09:25:26'),(1056,'客户Admin 更新用户信息成功！','2019-09-30 09:25:30'),(1057,'客户Admin 更新用户信息成功！','2019-09-30 09:27:22'),(1058,'客户Admin 更新用户信息成功！','2019-09-30 09:41:54'),(1059,'客户Admin 登录前台成功','2019-09-30 10:05:04'),(1060,'用户Admin会话超时，重新输入验证码！','2019-09-30 10:07:27'),(1061,'超级管理员Admin登录成功！','2019-09-30 10:07:34'),(1062,'客户Admin 登录前台成功','2019-09-30 10:56:11'),(1063,'客户Admin 登录前台成功','2019-09-30 11:01:59'),(1064,'客户Admin 登录前台成功','2019-09-30 11:08:55'),(1065,'客户Admin 登录前台成功','2019-09-30 11:13:43'),(1066,'客户Admin 登录前台成功','2019-09-30 11:15:23'),(1067,'客户Admin 登录前台成功','2019-09-30 18:38:10'),(1068,'客户Admin退出登录！','2019-09-30 19:01:49'),(1069,'客户 注册成功！','2019-09-30 19:02:04'),(1070,'客户 注册成功！','2019-09-30 19:04:35'),(1071,'客户 注册成功！','2019-09-30 19:08:20'),(1072,'用户Admin登录时，密码错误！','2019-09-30 19:16:14'),(1073,'用户Admin输入验证码错误！','2019-09-30 19:16:15'),(1074,'用户Admin输入验证码错误！','2019-09-30 19:16:19'),(1075,'用户Admin输入验证码错误！','2019-09-30 19:16:28'),(1076,'用户Admin输入验证码错误！','2019-09-30 19:16:29'),(1077,'用户Admin输入验证码错误！','2019-09-30 19:16:31'),(1078,'用户Admin输入验证码错误！','2019-09-30 19:18:22'),(1079,'超级管理员Admin登录成功！','2019-09-30 19:18:29'),(1080,'超级管理员Admin 进行退房操作成功！','2019-09-30 19:19:05'),(1081,'超级管理员Admin 添加预定订单成功！','2019-09-30 19:23:37'),(1082,'超级管理员Admin 添加入住信息成功！','2019-09-30 19:23:58'),(1083,'超级管理员Admin 进行退房操作成功！','2019-09-30 19:24:20'),(1084,'超级管理员Admin 更新房间信息成功！','2019-09-30 19:24:43'),(1085,'超级管理员Admin 更新房间信息成功！','2019-09-30 19:24:47'),(1086,'客户Admin 登录前台时验证码错误!','2019-09-30 19:25:05'),(1087,'客户Admin 登录前台成功','2019-09-30 19:25:12'),(1088,'客户Admin 登录前台成功','2019-10-01 20:12:27'),(1089,'客户Admin退出登录！','2019-10-01 20:15:17'),(1090,'客户Admin 登录前台成功','2019-10-01 20:15:22'),(1091,'客户Admin 添加预定信息成功！','2019-10-01 20:15:40'),(1092,'超级管理员Admin登录成功！','2019-10-01 20:17:59'),(1093,'超级管理员Admin 添加入住信息成功！','2019-10-01 20:18:18'),(1094,'超级管理员Admin 进行退房操作成功！','2019-10-01 20:18:36'),(1095,'客户Admin 更新用户信息成功！','2019-10-01 20:22:33'),(1096,'客户Admin 更新用户信息成功！','2019-10-01 20:22:33'),(1097,'客户Admin 更新用户信息成功！','2019-10-01 20:22:33'),(1098,'客户Admin 登录前台成功','2019-10-02 08:28:55'),(1099,'客户Admin 登录前台成功','2019-10-02 08:35:45'),(1100,'客户Admin 更新用户信息成功！','2019-10-02 08:36:35'),(1101,'客户Admin 更新用户信息成功！','2019-10-02 08:36:35'),(1102,'客户Admin 更新用户信息成功！','2019-10-02 08:36:35'),(1103,'客户Admin 更新用户信息成功！','2019-10-02 08:36:35'),(1104,'客户Admin 登录前台成功','2019-10-02 08:39:51'),(1105,'客户Admin 登录前台成功','2019-10-02 08:58:01'),(1106,'客户Admin 登录前台成功','2019-10-02 08:59:55'),(1107,'超级管理员Admin登录成功！','2019-10-02 09:11:07'),(1108,'超级管理员Admin登录成功！','2019-10-02 09:32:59'),(1109,'客户Admin 登录前台成功','2019-10-02 09:37:37'),(1110,'客户Admin退出登录！','2019-10-02 09:43:02'),(1111,'超级管理员Admin登录成功！','2019-10-02 15:50:11'),(1112,'客户Admin 登录前台成功','2019-10-02 16:01:01'),(1113,'超级管理员Admin登录成功！','2019-10-02 16:50:42'),(1114,'客户Admin 登录前台成功','2019-10-02 18:38:02'),(1115,'客户Admin 登录前台成功','2019-10-02 18:45:08'),(1116,'客户Admin 登录前台成功','2019-10-02 18:48:48'),(1117,'客户Admin 登录前台成功','2019-10-02 19:06:00'),(1118,'客户Admin 登录前台成功','2019-10-02 19:09:15'),(1119,'客户Admin退出登录！','2019-10-02 19:11:39'),(1120,'客户Admin 登录前台成功','2019-10-02 19:11:43'),(1121,'超级管理员Admin登录成功！','2019-10-02 19:17:20'),(1122,'客户Admin 登录前台成功','2019-10-02 19:18:16'),(1123,'用户Admin会话超时，重新输入验证码！','2019-10-02 19:19:01'),(1124,'超级管理员Admin登录成功！','2019-10-02 19:19:07'),(1125,'客户Admin 登录前台成功','2019-10-02 19:36:40'),(1126,'客户Admin退出登录！','2019-10-02 19:37:30'),(1127,'客户Admin 登录前台成功','2019-10-02 19:37:35'),(1128,'客户Admin 登录前台成功','2019-10-02 19:47:10'),(1129,'客户Admin 登录前台成功','2019-10-03 08:58:15'),(1130,'客户Admin 登录前台成功','2019-10-03 09:55:54'),(1131,'客户Admin 登录前台成功','2019-10-04 11:10:37'),(1132,'超级管理员Admin登录成功！','2019-10-06 10:15:41'),(1133,'超级管理员Admin登录成功！','2019-10-06 10:46:50'),(1134,'客户Admin 登录前台成功','2019-10-06 10:57:00'),(1135,'客户Admin 更新用户信息成功！','2019-10-06 10:59:36'),(1136,'客户Admin 更新用户信息成功！','2019-10-06 10:59:36'),(1137,'客户Admin 更新用户信息成功！','2019-10-06 10:59:36'),(1138,'超级管理员Admin登录成功！','2019-10-06 11:03:28'),(1139,'超级管理员Admin登录成功！','2019-10-06 14:42:04'),(1140,'超级管理员Admin登录成功！','2019-10-06 14:44:49'),(1141,'客户Admin 登录前台成功','2019-10-06 16:07:32'),(1142,'客户Admin退出登录！','2019-10-06 16:07:50'),(1143,'客户Admin 登录前台成功','2019-10-06 16:40:41'),(1144,'客户Admin 添加预定信息成功！','2019-10-06 17:17:58'),(1145,'客户Admin删除订单成功！','2019-10-06 17:26:27'),(1146,'客户Admin 添加预定信息成功！','2019-10-06 17:26:51'),(1147,'客户Admin 登录前台成功','2019-10-07 09:09:02'),(1148,'客户Admin 登录前台成功','2019-10-07 09:51:28'),(1149,'客户Admin退出登录！','2019-10-07 09:51:30'),(1150,'客户Admin 登录前台成功','2019-10-07 09:51:36'),(1151,'客户Admin退出登录！','2019-10-07 09:51:40'),(1152,'超级管理员Admin登录成功！','2019-10-07 09:51:48'),(1153,'超级管理员Admin登录成功！','2019-10-07 10:15:48'),(1154,'超级管理员Admin登录成功！','2019-10-07 14:28:42'),(1155,'客户Admin 登录前台成功','2019-10-07 16:09:38'),(1156,'客户Admin 登录前台成功','2019-10-11 08:41:58');
/*!40000 ALTER TABLE `log` ENABLE KEYS */;
UNLOCK TABLES;

--
-- Table structure for table `menu`
--

DROP TABLE IF EXISTS `menu`;
/*!40101 SET @saved_cs_client     = @@character_set_client */;
/*!40101 SET character_set_client = utf8 */;
CREATE TABLE `menu` (
  `id` int(11) NOT NULL AUTO_INCREMENT,
  `parentId` int(11) DEFAULT '0',
  `name` varchar(255) DEFAULT NULL,
  `url` varchar(255) DEFAULT NULL,
  `icon` varchar(255) DEFAULT NULL,
  PRIMARY KEY (`id`)
) ENGINE=InnoDB AUTO_INCREMENT=85 DEFAULT CHARSET=utf8;
/*!40101 SET character_set_client = @saved_cs_client */;

--
-- Dumping data for table `menu`
--

LOCK TABLES `menu` WRITE;
/*!40000 ALTER TABLE `menu` DISABLE KEYS */;
INSERT INTO `menu` VALUES (20,0,'系统设置','','icon-advancedsettings2'),(22,20,'菜单管理','../admin/menu/list','icon-book-open'),(23,20,'角色管理','../admin/role/list','icon-user-home'),(24,0,'用户管理','','icon-user-green'),(25,24,'用户列表','../admin/user/list','icon-user-star'),(26,22,'添加','openAdd()','icon-add'),(27,22,'编辑','openEdit()','icon-pencil'),(28,22,'删除','remove()','icon-cross'),(30,22,'添加菜单','openAddMenu()','icon-add1'),(32,23,'添加','openAdd()','icon-add'),(33,23,'编辑','openEdit()','icon-pencil'),(34,23,'删除','remove()','icon-cross-octagon'),(35,25,'添加','openAdd()','icon-add1'),(40,25,'编辑','openEdit()','icon-pencil-go'),(41,25,'删除','remove()','icon-DeleteRed'),(42,0,'日志管理','../admin/log/list','icon-page-white-text'),(43,42,'日志列表','../admin/log/list','icon-page-white'),(44,43,'添加','openAdd()','icon-add'),(46,43,'删除','remove()','icon-delete3'),(47,20,'修改密码','list','icon-lock'),(48,47,'修改密码','submitEdit()','icon-lock'),(49,0,'楼层管理','','icon-house'),(50,49,'楼层管理','../admin/floor/list','icon-house'),(51,50,'添加','openAdd()','icon-add'),(52,50,'编辑','openEdit()','icon-pencil'),(53,50,'删除','remove()','icon-cross'),(54,0,'房型管理','','icon-house-star'),(55,54,'房型管理','../admin/RoomType/list','icon-house-star'),(59,55,'添加','openAdd()','icon-add1'),(60,55,'编辑','openEdit()','icon-paintbrush'),(61,55,'删除','remove()','icon-DeleteRed'),(62,0,'房间管理','','icon-house-key'),(63,62,'房间管理','../admin/room/list','icon-house-key'),(64,63,'添加','openAdd()','icon-add1'),(65,63,'编辑','openEdit()','icon-pencil'),(66,63,'删除','remove()','icon-delete3'),(67,0,'客户管理','','icon-user'),(68,67,'客户管理','../admin/account/list','icon-user-business-boss'),(69,68,'添加','openAdd()','icon-add'),(70,68,'编辑','openEdit()','icon-bullet-edit'),(71,68,'删除','remove()','icon-delete3'),(72,0,'预定订单管理','','icon-world-delete'),(73,72,'预定订单列表','../admin/book_order/list','icon-world-go'),(74,73,'添加预定','openAdd()','icon-add'),(75,73,'编辑预定','openEdit()','icon-paintbrush'),(76,0,'入住管理','','icon-images'),(77,76,'入住列表','../admin/checkin/list','icon-page-copy'),(78,77,'登记入住','openAdd()','icon-add'),(79,77,'编辑入住','openEdit()','icon-pencil'),(80,77,'登记退房','openCheckOut()','icon-smartphone-go'),(81,0,'统计分析','','icon-chart-bar'),(82,81,'统计图表','../admin/stats/stats','icon-chart-curve'),(83,82,'按日统计','statsByDays()','icon-chart-line-edit'),(84,82,'按月统计','statsByMonth()','icon-chart-line-edit');
/*!40000 ALTER TABLE `menu` ENABLE KEYS */;
UNLOCK TABLES;

--
-- Table structure for table `role`
--

DROP TABLE IF EXISTS `role`;
/*!40101 SET @saved_cs_client     = @@character_set_client */;
/*!40101 SET character_set_client = utf8 */;
CREATE TABLE `role` (
  `id` int(11) NOT NULL AUTO_INCREMENT,
  `name` varchar(255) DEFAULT NULL,
  `remark` varchar(255) NOT NULL,
  PRIMARY KEY (`id`)
) ENGINE=InnoDB AUTO_INCREMENT=9 DEFAULT CHARSET=utf8;
/*!40101 SET character_set_client = @saved_cs_client */;

--
-- Dumping data for table `role`
--

LOCK TABLES `role` WRITE;
/*!40000 ALTER TABLE `role` DISABLE KEYS */;
INSERT INTO `role` VALUES (7,'超级管理员','拥有一切权限！'),(8,'普通用户','拥有部分权限！');
/*!40000 ALTER TABLE `role` ENABLE KEYS */;
UNLOCK TABLES;

--
-- Table structure for table `room`
--

DROP TABLE IF EXISTS `room`;
/*!40101 SET @saved_cs_client     = @@character_set_client */;
/*!40101 SET character_set_client = utf8 */;
CREATE TABLE `room` (
  `id` int(11) NOT NULL AUTO_INCREMENT,
  `photo` varchar(255) DEFAULT NULL,
  `sn` varchar(255) DEFAULT NULL,
  `roomTypeId` int(11) DEFAULT NULL,
  `floorId` int(11) DEFAULT NULL,
  `status` int(11) DEFAULT '0',
  `remark` varchar(255) DEFAULT NULL,
  PRIMARY KEY (`id`),
  KEY `roomTypeId` (`roomTypeId`),
  KEY `floorId` (`floorId`),
  CONSTRAINT `room_ibfk_1` FOREIGN KEY (`roomTypeId`) REFERENCES `roomtype` (`id`),
  CONSTRAINT `room_ibfk_2` FOREIGN KEY (`floorId`) REFERENCES `floor` (`id`)
) ENGINE=InnoDB AUTO_INCREMENT=15 DEFAULT CHARSET=utf8;
/*!40101 SET character_set_client = @saved_cs_client */;

--
-- Dumping data for table `room`
--

LOCK TABLES `room` WRITE;
/*!40000 ALTER TABLE `room` DISABLE KEYS */;
INSERT INTO `room` VALUES (1,'/upload/1564882746655.jpg','1001',4,6,0,'1001普通单人间'),(2,'/upload/1564882869530.jpg','2001',8,7,0,'2001标准大床房'),(3,'/upload/1564882939666.jpg','3001',9,8,2,'3001豪华大床房'),(4,'/upload/1564883003866.jpg','4002',10,9,0,'4002普通标准间'),(5,'/upload/1564883262377.jpg','4003',12,9,0,'4003豪华标准间'),(6,'/upload/1564883344581.jpg','5001',13,10,0,'5001普通套房'),(7,'/upload/1564883411109.jpg','5005',14,10,0,'5005标准套房'),(8,'/upload/1564883459405.jpg','6001',15,11,0,'6001总统套房'),(10,'/upload/1565402597306.jpg','1002',5,6,0,'1002标准单人间'),(11,'/upload/1565402787053.jpg','1003',6,6,0,'1003豪华单人间'),(12,'/upload/1565403044199.jpg','2002',7,7,0,'2002标准大床房'),(13,'/upload/1565403111340.jpg','4001',11,9,0,'4001标准标准间'),(14,'/upload/1567579773429.jpg','1004',6,6,0,'1004豪华单人间');
/*!40000 ALTER TABLE `room` ENABLE KEYS */;
UNLOCK TABLES;

--
-- Table structure for table `roomtype`
--

DROP TABLE IF EXISTS `roomtype`;
/*!40101 SET @saved_cs_client     = @@character_set_client */;
/*!40101 SET character_set_client = utf8 */;
CREATE TABLE `roomtype` (
  `id` int(11) NOT NULL AUTO_INCREMENT,
  `name` varchar(255) DEFAULT NULL,
  `photo` varchar(255) DEFAULT NULL,
  `price` float(5,0) DEFAULT NULL,
  `liveNum` int(11) DEFAULT NULL,
  `bedNum` int(11) DEFAULT NULL,
  `roomNum` int(11) DEFAULT NULL,
  `avilableNum` int(11) DEFAULT NULL,
  `bookNum` int(11) DEFAULT '0',
  `livedNum` int(11) DEFAULT '0',
  `status` int(11) DEFAULT '1',
  `remark` varchar(255) DEFAULT NULL,
  `CuStatus` int(1) DEFAULT '0',
  PRIMARY KEY (`id`)
) ENGINE=InnoDB AUTO_INCREMENT=18 DEFAULT CHARSET=utf8;
/*!40101 SET character_set_client = @saved_cs_client */;

--
-- Dumping data for table `roomtype`
--

LOCK TABLES `roomtype` WRITE;
/*!40000 ALTER TABLE `roomtype` DISABLE KEYS */;
INSERT INTO `roomtype` VALUES (4,'普通单人间','/upload/1565227697011.jpg',98,1,1,15,15,0,0,1,'普通单人间，面积较小，一人入住！',0),(5,'标准单人间','/upload/1565227883171.jpg',128,1,1,10,10,0,0,1,'标准单人间，一人入住，标准套餐！',0),(6,'豪华单人间','/upload/1565227905758.jpg',148,1,1,10,10,0,0,1,'豪华单人间，一人入住，豪华套餐，超豪华！',0),(7,'普通大床房','/upload/1565227936318.jpg',158,2,1,15,15,0,0,1,'普通大床房，可二人入住，面积20平左右！',0),(8,'标准大床房','/upload/1565227973064.jpg',178,2,1,15,15,0,0,1,'标准大床房，可二人入住，面积30平左右！',0),(9,'豪华大床房','/upload/1565227985559.jpg',198,2,1,10,10,0,0,1,'豪华大床房，可二人入住，面积40平左右，超豪华！',0),(10,'普通标准间','/upload/1565227998469.jpg',178,2,2,10,10,0,0,1,'普通标准间。可二人入住，有两张床。',0),(11,'标准标准间','/upload/1565228038762.jpg',198,2,2,10,10,0,0,1,'标准标准间，可二人入住，有两张床，面积40平左右！',0),(12,'豪华标准间','/upload/1565228062540.jpg',298,2,2,9,8,1,0,1,'豪华标准间，可二人入住，面积60平左右，超豪华！',0),(13,'普通套房','/upload/1565228077159.jpg',698,2,2,9,9,0,0,1,'普通套房，面积65平左右!',0),(14,'标准套房','/upload/1565228109512.jpg',898,2,2,6,6,0,0,1,'标准套房，面积85平左右',0),(15,'总统套房','/upload/1565228122190.jpg',1198,2,2,3,3,0,0,1,'总统套房，面积100平左右，超豪华!！',0),(17,'豪华钟点房','/upload/1569375516337.jpg',110,2,1,10,10,0,0,1,'钟点房，110/时，尽情享受吧！！',NULL);
/*!40000 ALTER TABLE `roomtype` ENABLE KEYS */;
UNLOCK TABLES;

--
-- Table structure for table `user`
--

DROP TABLE IF EXISTS `user`;
/*!40101 SET @saved_cs_client     = @@character_set_client */;
/*!40101 SET character_set_client = utf8 */;
CREATE TABLE `user` (
  `id` int(11) NOT NULL AUTO_INCREMENT,
  `username` varchar(255) DEFAULT NULL,
  `password` varchar(255) DEFAULT NULL,
  `role` int(11) DEFAULT NULL,
  `gender` int(1) DEFAULT NULL,
  `age` int(3) DEFAULT NULL,
  `email` varchar(255) DEFAULT NULL,
  `address` varchar(255) DEFAULT NULL,
  `photo` varchar(255) DEFAULT NULL,
  PRIMARY KEY (`id`),
  KEY `use_ibfk_1` (`role`),
  CONSTRAINT `use_ibfk_1` FOREIGN KEY (`role`) REFERENCES `role` (`id`)
) ENGINE=InnoDB AUTO_INCREMENT=10 DEFAULT CHARSET=utf8;
/*!40101 SET character_set_client = @saved_cs_client */;

--
-- Dumping data for table `user`
--

LOCK TABLES `user` WRITE;
/*!40000 ALTER TABLE `user` DISABLE KEYS */;
INSERT INTO `user` VALUES (1,'Admin','123',7,1,18,'fsdaf@fdsa.com','九江学院','/upload/1564476656705.jpg'),(4,'钟炜宏','123',8,1,18,'1127568664@qq.com','赣县','/upload/1567579133492.png'),(5,'钟生狗','123',8,1,18,'dsfa@oo.com','火星','/upload/1564476620185.jpg'),(8,'何志逼','123',8,1,18,'wy1127568664@163.com','江西省','/easyui/images/user.jpg'),(9,'Admingdfsh','123',7,1,56,'1127568664@qq.com','江西省, 九江市','/easyui/images/user.jpg');
/*!40000 ALTER TABLE `user` ENABLE KEYS */;
UNLOCK TABLES;

--
-- Dumping routines for database 'SSMHotel'
--
/*!40103 SET TIME_ZONE=@OLD_TIME_ZONE */;

/*!40101 SET SQL_MODE=@OLD_SQL_MODE */;
/*!40014 SET FOREIGN_KEY_CHECKS=@OLD_FOREIGN_KEY_CHECKS */;
/*!40014 SET UNIQUE_CHECKS=@OLD_UNIQUE_CHECKS */;
/*!40101 SET CHARACTER_SET_CLIENT=@OLD_CHARACTER_SET_CLIENT */;
/*!40101 SET CHARACTER_SET_RESULTS=@OLD_CHARACTER_SET_RESULTS */;
/*!40101 SET COLLATION_CONNECTION=@OLD_COLLATION_CONNECTION */;
/*!40111 SET SQL_NOTES=@OLD_SQL_NOTES */;

-- Dump completed on 2019-10-28 15:27:33
